0.375,0.5,0.5,0.5,0.5,0.5,0.0,0.0,0.0,1.0,0.0,0.0,0.0,1.0,0.0,0.0,1.0,0.0,0.0,0.0,0.0,0.0,0.0,0.0,0.0,1.0,1.0,0.0,0.0,0.0,0.0,0.0,1.0,0.0,0.0,0.0,0.125,1.0,0.0,0.0,0.0,0.0,0.0,0
0.4375,0.375,0.5,0.5625,0.5625,0.5,0.0,0.0,0.0,1.0,0.0,0.0,0.0,1.0,0.0,0.0,1.0,0.0,0.0,0.0,0.0,0.0,0.0,0.0,0.0,1.0,1.0,0.0,0.0,0.0,0.0,0.0,1.0,0.0,0.0,0.0,0.13541666666666666,0.0,1.0,0.0,0.0,0.0,0.0,1
0.4375,0.375,0.4375,0.5625,0.5625,0.5,0.0,0.0,0.0,1.0,0.0,0.0,0.0,1.0,0.0,0.0,1.0,0.0,0.0,0.0,0.0,0.0,0.0,0.0,0.0,1.0,1.0,0.0,0.0,0.0,0.0,0.0,1.0,0.0,0.0,0.0,0.10416666666666667,0.0,0.0,0.0,0.0,1.0,0.0,4
0.5,0.4375,0.3125,0.625,0.625,0.375,0.0,0.0,0.0,1.0,0.0,0.0,0.0,1.0,0.0,0.0,1.0,0.0,0.0,0.0,0.0,0.0,0.0,0.0,0.0,1.0,1.0,0.0,0.0,0.0,0.0,0.0,1.0,0.0,0.0,0.0,0.10416666666666667,0.0,0.0,0.0,0.0,1.0,0.0,4
0.5,0.4375,0.3125,0.625,0.625,0.375,0.0,0.0,0.0,1.0,0.0,0.0,0.0,1.0,0.0,0.0,1.0,0.0,0.0,0.0,0.0,0.0,0.0,0.0,0.0,1.0,1.0,0.0,0.0,0.0,0.0,1.0,0.0,0.0,0.0,0.0,0.09375,0.0,0.0,0.0,0.0,1.0,0.0,4
0.5,0.5,0.375,0.6875,0.4375,0.5,0.0,0.0,0.0,1.0,0.0,0.0,0.0,1.0,0.0,0.0,1.0,0.0,0.0,0.0,0.0,0.0,0.0,0.0,0.0,1.0,1.0,0.0,0.0,0.0,0.0,0.0,0.0,0.0,1.0,0.0,0.13541666666666666,0.0,0.0,1.0,0.0,0.0,0.0,2
0.5,0.5,0.4375,0.625,0.4375,0.5,0.0,0.0,0.0,1.0,0.0,0.0,0.0,1.0,0.0,0.0,0.0,0.0,0.0,1.0,0.0,0.0,0.0,0.0,0.0,1.0,1.0,0.0,0.0,0.0,0.0,0.0,0.0,0.0,1.0,0.0,0.13541666666666666,0.0,1.0,0.0,0.0,0.0,0.0,1
0.5,0.5,0.4375,0.625,0.375,0.5,0.0,0.0,0.0,1.0,0.0,0.0,0.0,1.0,0.0,0.0,1.0,0.0,0.0,0.0,0.0,0.0,0.0,0.0,0.0,1.0,1.0,0.0,0.0,0.0,0.0,0.0,0.0,0.0,1.0,0.0,0.15625,0.0,0.0,1.0,0.0,0.0,0.0,2
0.5625,0.5625,0.4375,0.4375,0.375,0.5625,0.0,0.0,0.0,1.0,0.0,0.0,0.0,1.0,0.0,0.0,0.0,0.0,1.0,0.0,0.0,0.0,0.0,0.0,0.0,1.0,0.0,0.0,0.0,0.0,1.0,0.0,0.0,0.0,1.0,0.0,0.125,0.0,0.0,1.0,0.0,0.0,0.0,2
0.5,0.4375,0.3125,0.3125,0.375,0.5625,0.0,0.0,0.0,1.0,0.0,0.0,0.0,1.0,0.0,0.0,0.0,1.0,0.0,0.0,0.0,0.0,0.0,1.0,0.0,0.0,0.0,0.0,0.0,0.0,1.0,0.0,0.0,0.0,1.0,0.0,0.08333333333333333,1.0,0.0,0.0,0.0,0.0,0.0,0
0.375,0.5,0.375,0.375,0.4375,0.625,0.0,0.0,0.0,1.0,0.0,0.0,0.0,0.0,1.0,0.0,0.0,1.0,0.0,0.0,0.0,0.0,0.0,1.0,0.0,0.0,0.0,0.0,0.0,0.0,1.0,0.0,0.0,0.0,1.0,0.0,0.10416666666666667,1.0,0.0,0.0,0.0,0.0,0.0,0
0.375,0.25,0.375,0.375,0.4375,0.625,0.0,1.0,0.0,0.0,0.0,0.0,0.0,0.0,1.0,0.0,0.0,1.0,0.0,0.0,0.0,0.0,0.0,1.0,0.0,0.0,0.0,0.0,0.0,0.0,1.0,0.0,0.0,0.0,1.0,0.0,0.08333333333333333,0.0,0.0,0.0,0.0,1.0,0.0,4
0.4375,0.3125,0.25,0.375,0.5625,0.625,0.0,1.0,0.0,0.0,0.0,0.0,0.0,0.0,1.0,0.0,0.0,1.0,0.0,0.0,0.0,0.0,0.0,1.0,0.0,0.0,1.0,0.0,0.0,0.0,0.0,0.0,0.0,0.0,1.0,0.0,0.08333333333333333,0.0,0.0,0.0,0.0,1.0,0.0,4
0.5625,0.3125,0.5,0.3125,0.4375,0.1875,0.0,1.0,0.0,0.0,0.0,1.0,0.0,0.0,0.0,0.0,1.0,0.0,0.0,0.0,0.0,0.0,0.0,1.0,0.0,0.0,0.0,0.0,1.0,0.0,0.0,0.0,0.0,0.0,1.0,0.0,0.09375,0.0,0.0,0.0,1.0,0.0,0.0,3
0.5625,0.3125,0.5,0.3125,0.25,0.1875,0.0,1.0,0.0,0.0,0.0,1.0,0.0,0.0,0.0,0.0,1.0,0.0,0.0,0.0,0.0,0.0,0.0,1.0,0.0,0.0,0.0,0.0,1.0,0.0,0.0,0.0,0.0,0.0,1.0,0.0,0.08333333333333333,0.0,0.0,1.0,0.0,0.0,0.0,2
0.625,0.375,0.5625,0.4375,0.3125,0.25,0.0,1.0,0.0,0.0,0.0,1.0,0.0,0.0,0.0,0.0,1.0,0.0,0.0,0.0,0.0,1.0,0.0,0.0,0.0,0.0,0.0,0.0,1.0,0.0,0.0,0.0,0.0,0.0,1.0,0.0,0.11458333333333333,0.0,0.0,0.0,1.0,0.0,0.0,3
0.625,0.375,0.375,0.375,0.1875,0.25,0.0,1.0,0.0,0.0,0.0,1.0,0.0,0.0,0.0,0.0,1.0,0.0,0.0,0.0,0.0,1.0,0.0,0.0,0.0,0.0,0.0,1.0,0.0,0.0,0.0,0.0,0.0,0.0,1.0,0.0,0.09375,0.0,0.0,1.0,0.0,0.0,0.0,2
0.5625,0.25,0.25,0.125,0.1875,0.25,0.0,1.0,0.0,0.0,0.0,0.0,0.0,0.0,0.0,1.0,0.0,0.0,0.0,1.0,0.0,1.0,0.0,0.0,0.0,0.0,0.0,1.0,0.0,0.0,0.0,0.0,0.0,0.0,1.0,0.0,0.0625,1.0,0.0,0.0,0.0,0.0,0.0,0
0.625,0.3125,0.3125,0.1875,0.25,0.3125,0.0,1.0,0.0,0.0,0.0,0.0,0.0,0.0,0.0,1.0,0.0,0.0,0.0,1.0,0.0,1.0,0.0,0.0,0.0,0.0,0.0,1.0,0.0,0.0,0.0,0.0,0.0,0.0,1.0,0.0,0.09375,0.0,1.0,0.0,0.0,0.0,0.0,1
0.625,0.3125,0.3125,0.125,0.25,0.3125,0.0,1.0,0.0,0.0,0.0,0.0,0.0,0.0,0.0,1.0,0.0,0.0,0.0,1.0,0.0,1.0,0.0,0.0,0.0,0.0,0.0,1.0,0.0,0.0,0.0,0.0,0.0,0.0,1.0,0.0,0.09375,0.0,1.0,0.0,0.0,0.0,0.0,1
0.6875,0.375,0.125,0.1875,0.3125,0.375,0.0,1.0,0.0,0.0,0.0,0.0,0.0,0.0,0.0,1.0,0.0,0.0,0.0,0.0,1.0,1.0,0.0,0.0,0.0,0.0,0.0,1.0,0.0,0.0,0.0,0.0,0.0,0.0,1.0,0.0,0.0625,0.0,0.0,0.0,1.0,0.0,0.0,3
0.6875,0.375,0.125,0.1875,0.25,0.375,0.0,1.0,0.0,0.0,0.0,0.0,0.0,0.0,0.0,1.0,0.0,0.0,0.0,0.0,1.0,0.0,1.0,0.0,0.0,0.0,0.0,1.0,0.0,0.0,0.0,0.0,0.0,0.0,1.0,0.0,0.041666666666666664,0.0,0.0,0.0,1.0,0.0,0.0,3
0.6875,0.375,0.125,0.25,0.1875,0.375,0.0,1.0,0.0,0.0,0.0,0.0,0.0,0.0,0.0,1.0,0.0,0.0,0.0,0.0,1.0,0.0,1.0,0.0,0.0,0.0,0.0,0.0,0.0,1.0,0.0,0.0,0.0,0.0,1.0,0.0,0.052083333333333336,0.0,0.0,1.0,0.0,0.0,0.0,2
0.25,0.25,0.25,0.25,0.25,0.25,0.0,0.0,0.0,1.0,0.0,0.0,0.0,0.0,0.0,1.0,0.0,1.0,0.0,0.0,0.0,0.0,0.0,1.0,0.0,0.0,0.0,0.0,1.0,0.0,0.0,1.0,0.0,0.0,0.0,0.0,0.041666666666666664,0.0,0.0,1.0,0.0,0.0,0.0,2
0.3125,0.25,0.1875,0.25,0.3125,0.3125,0.0,0.0,0.0,1.0,0.0,0.0,0.0,0.0,0.0,1.0,0.0,0.0,1.0,0.0,0.0,0.0,1.0,0.0,0.0,0.0,0.0,0.0,1.0,0.0,0.0,1.0,0.0,0.0,0.0,0.0,0.11458333333333333,1.0,0.0,0.0,0.0,0.0,0.0,0
0.3125,0.25,0.1875,0.25,0.3125,0.3125,0.0,0.0,0.0,1.0,0.0,0.0,0.0,0.0,0.0,1.0,0.0,0.0,1.0,0.0,0.0,0.0,1.0,0.0,0.0,0.0,0.0,0.0,1.0,0.0,0.0,1.0,0.0,0.0,0.0,0.0,0.09375,0.0,1.0,0.0,0.0,0.0,0.0,1
0.3125,0.25,0.1875,0.25,0.3125,0.3125,0.0,0.0,0.0,1.0,0.0,0.0,0.0,0.0,0.0,1.0,0.0,0.0,1.0,0.0,0.0,0.0,1.0,0.0,0.0,0.0,0.0,0.0,1.0,0.0,0.0,1.0,0.0,0.0,0.0,0.0,0.11458333333333333,0.0,0.0,1.0,0.0,0.0,0.0,2
0.375,0.3125,0.0,0.0625,0.375,0.375,0.0,0.0,0.0,1.0,0.0,0.0,0.0,0.0,0.0,1.0,0.0,0.0,0.0,0.0,0.0,0.0,0.0,1.0,0.0,0.0,0.0,0.0,1.0,0.0,0.0,1.0,0.0,0.0,0.0,0.0,0.08333333333333333,0.0,0.0,0.0,0.0,1.0,0.0,4
0.375,0.25,0.0,0.0625,0.375,0.375,0.0,0.0,0.0,1.0,0.0,0.0,0.0,0.0,0.0,1.0,0.0,0.0,0.0,0.0,0.0,0.0,0.0,1.0,0.0,0.0,1.0,0.0,0.0,0.0,0.0,0.0,0.0,1.0,0.0,0.0,0.08333333333333333,0.0,0.0,0.0,1.0,0.0,0.0,3
0.3125,0.3125,0.0625,0.1875,0.1875,0.4375,0.0,0.0,0.0,1.0,0.0,0.0,0.0,0.0,0.0,1.0,1.0,0.0,0.0,0.0,0.0,0.0,0.0,0.0,0.0,1.0,0.0,1.0,0.0,0.0,0.0,0.0,0.0,1.0,0.0,0.0,0.041666666666666664,0.0,1.0,0.0,0.0,0.0,0.0,1
0.375,0.3125,0.1875,0.25,0.25,0.4375,0.0,0.0,0.0,1.0,0.0,0.0,0.0,0.0,0.0,1.0,0.0,0.0,1.0,0.0,0.0,0.0,0.0,0.0,0.0,1.0,0.0,1.0,0.0,0.0,0.0,0.0,0.0,1.0,0.0,0.0,0.09375,0.0,1.0,0.0,0.0,0.0,0.0,1
0.4375,0.1875,0.25,0.3125,0.3125,0.5,0.0,0.0,0.0,1.0,0.0,0.0,0.0,0.0,0.0,1.0,0.0,0.0,1.0,0.0,0.0,0.0,0.0,0.0,0.0,1.0,0.0,1.0,0.0,0.0,0.0,0.0,0.0,1.0,0.0,0.0,0.0625,1.0,0.0,0.0,0.0,0.0,0.0,0
0.375,0.25,0.25,0.3125,0.3125,0.5,0.0,0.0,0.0,1.0,0.0,0.0,1.0,0.0,0.0,0.0,0.0,0.0,1.0,0.0,0.0,0.0,0.0,0.0,0.0,1.0,0.0,1.0,0.0,0.0,0.0,0.0,0.0,1.0,0.0,0.0,0.0625,0.0,1.0,0.0,0.0,0.0,0.0,1
0.375,0.0,0.25,0.3125,0.3125,0.4375,0.0,0.0,0.0,1.0,0.0,0.0,0.0,0.0,0.0,0.0,0.0,0.0,1.0,0.0,0.0,0.0,0.0,0.0,0.0,1.0,0.0,1.0,0.0,0.0,0.0,0.0,0.0,1.0,0.0,0.0,0.041666666666666664,0.0,0.0,0.0,1.0,0.0,0.0,3
0.6875,0.375,0.5625,0.25,0.5625,0.6875,0.0,0.0,0.0,0.0,1.0,0.0,0.0,1.0,0.0,0.0,0.0,0.0,0.0,0.0,1.0,0.0,1.0,0.0,0.0,0.0,1.0,0.0,0.0,0.0,0.0,0.0,0.0,0.0,0.0,1.0,0.10416666666666667,0.0,0.0,1.0,0.0,0.0,0.0,2
0.6875,0.3125,0.3125,0.3125,0.5625,0.6875,0.0,0.0,0.0,0.0,1.0,0.0,0.0,1.0,0.0,0.0,0.0,0.0,0.0,0.0,1.0,1.0,0.0,0.0,0.0,0.0,1.0,0.0,0.0,0.0,0.0,0.0,0.0,0.0,0.0,1.0,0.11458333333333333,0.0,0.0,0.0,0.0,1.0,0.0,4
0.25,0.25,0.25,0.25,0.25,0.25,1.0,0.0,0.0,0.0,0.0,1.0,0.0,0.0,0.0,0.0,0.0,0.0,1.0,0.0,0.0,0.0,1.0,0.0,0.0,0.0,0.0,0.0,0.0,0.0,1.0,0.0,0.0,1.0,0.0,0.0,0.03125,0.0,0.0,0.0,1.0,0.0,0.0,3
0.25,0.25,0.25,0.0625,0.25,0.25,1.0,0.0,0.0,0.0,0.0,1.0,0.0,0.0,0.0,0.0,0.0,0.0,1.0,0.0,0.0,1.0,0.0,0.0,0.0,0.0,0.0,1.0,0.0,0.0,0.0,0.0,0.0,1.0,0.0,0.0,0.010416666666666666,0.0,0.0,1.0,0.0,0.0,0.0,2
0.25,0.25,0.1875,0.125,0.25,0.25,1.0,0.0,0.0,0.0,0.0,1.0,0.0,0.0,0.0,0.0,0.0,0.0,1.0,0.0,0.0,0.0,0.0,0.0,0.0,1.0,0.0,1.0,0.0,0.0,0.0,0.0,0.0,1.0,0.0,0.0,0.010416666666666666,0.0,0.0,0.0,1.0,0.0,0.0,3
0.3125,0.3125,0.25,0.1875,0.3125,0.3125,1.0,0.0,0.0,0.0,0.0,1.0,0.0,0.0,0.0,0.0,0.0,0.0,1.0,0.0,0.0,0.0,0.0,0.0,0.0,1.0,0.0,1.0,0.0,0.0,0.0,0.0,0.0,1.0,0.0,0.0,0.041666666666666664,0.0,0.0,0.0,0.0,1.0,0.0,4
0.3125,0.3125,0.25,0.1875,0.125,0.25,1.0,0.0,0.0,0.0,0.0,1.0,0.0,0.0,0.0,0.0,0.0,0.0,1.0,0.0,0.0,0.0,0.0,0.0,0.0,1.0,0.0,1.0,0.0,0.0,0.0,0.0,0.0,1.0,0.0,0.0,0.041666666666666664,0.0,0.0,0.0,1.0,0.0,0.0,3
0.375,0.375,0.3125,0.0,0.1875,0.3125,1.0,0.0,0.0,0.0,0.0,1.0,0.0,0.0,0.0,0.0,0.0,0.0,1.0,0.0,0.0,0.0,0.0,0.0,0.0,0.0,0.0,1.0,0.0,0.0,0.0,0.0,0.0,1.0,0.0,0.0,0.052083333333333336,1.0,0.0,0.0,0.0,0.0,0.0,0
0.375,0.375,0.3125,0.0,0.1875,0.3125,1.0,0.0,0.0,0.0,0.0,1.0,0.0,0.0,0.0,0.0,0.0,0.0,1.0,0.0,0.0,0.0,0.0,0.0,0.0,0.0,0.0,1.0,0.0,0.0,0.0,0.0,0.0,1.0,0.0,0.0,0.07291666666666667,0.0,1.0,0.0,0.0,0.0,0.0,1
0.375,0.375,0.3125,0.0,0.1875,0.3125,1.0,0.0,0.0,0.0,0.0,1.0,0.0,0.0,0.0,0.0,0.0,0.0,1.0,0.0,0.0,0.0,0.0,0.0,0.0,0.0,0.0,1.0,0.0,0.0,0.0,0.0,0.0,1.0,0.0,0.0,0.08333333333333333,1.0,0.0,0.0,0.0,0.0,0.0,0
0.25,0.25,0.25,0.25,0.25,0.25,0.0,1.0,0.0,0.0,0.0,0.0,1.0,0.0,0.0,0.0,1.0,0.0,0.0,0.0,0.0,0.0,0.0,0.0,0.0,1.0,0.0,0.0,0.0,0.0,1.0,0.0,0.0,1.0,0.0,0.0,0.0625,0.0,0.0,1.0,0.0,0.0,0.0,2
0.3125,0.3125,0.1875,0.125,0.1875,0.25,0.0,1.0,0.0,0.0,0.0,0.0,1.0,0.0,0.0,0.0,0.0,0.0,0.0,0.0,1.0,0.0,1.0,0.0,0.0,0.0,0.0,0.0,0.0,1.0,0.0,0.0,0.0,1.0,0.0,0.0,0.052083333333333336,0.0,0.0,1.0,0.0,0.0,0.0,2
0.375,0.375,0.25,0.1875,0.25,0.3125,0.0,1.0,0.0,0.0,0.0,0.0,1.0,0.0,0.0,0.0,0.0,0.0,0.0,0.0,1.0,1.0,0.0,0.0,0.0,0.0,0.0,0.0,0.0,1.0,0.0,0.0,0.0,1.0,0.0,0.0,0.08333333333333333,0.0,0.0,1.0,0.0,0.0,0.0,2
0.375,0.3125,0.25,0.1875,0.0625,0.3125,0.0,1.0,0.0,0.0,0.0,0.0,1.0,0.0,0.0,0.0,0.0,0.0,0.0,0.0,1.0,1.0,0.0,0.0,0.0,0.0,0.0,0.0,0.0,1.0,0.0,0.0,0.0,1.0,0.0,0.0,0.020833333333333332,0.0,1.0,0.0,0.0,0.0,0.0,1
0.375,0.3125,0.25,0.1875,0.0625,0.3125,0.0,1.0,0.0,0.0,0.0,0.0,1.0,0.0,0.0,0.0,0.0,0.0,0.0,0.0,1.0,1.0,0.0,0.0,0.0,0.0,0.0,0.0,0.0,1.0,0.0,0.0,0.0,1.0,0.0,0.0,0.041666666666666664,1.0,0.0,0.0,0.0,0.0,0.0,0
0.375,0.3125,0.25,0.1875,0.0625,0.3125,0.0,1.0,0.0,0.0,0.0,1.0,0.0,0.0,0.0,0.0,0.0,0.0,0.0,0.0,1.0,1.0,0.0,0.0,0.0,0.0,0.0,0.0,0.0,1.0,0.0,0.0,0.0,1.0,0.0,0.0,0.052083333333333336,0.0,1.0,0.0,0.0,0.0,0.0,1
0.4375,0.3125,0.375,0.25,0.125,0.375,0.0,1.0,0.0,0.0,0.0,0.0,0.0,0.0,1.0,0.0,1.0,0.0,0.0,0.0,0.0,1.0,0.0,0.0,0.0,0.0,0.0,0.0,0.0,1.0,0.0,0.0,0.0,1.0,0.0,0.0,0.0625,0.0,0.0,1.0,0.0,0.0,0.0,2
0.4375,0.3125,0.3125,0.3125,0.125,0.375,0.0,1.0,0.0,0.0,0.0,0.0,0.0,0.0,1.0,0.0,1.0,0.0,0.0,0.0,0.0,0.0,0.0,0.0,0.0,1.0,0.0,0.0,0.0,1.0,0.0,0.0,0.0,1.0,0.0,0.0,0.0625,0.0,0.0,1.0,0.0,0.0,0.0,2
0.4375,0.3125,0.3125,0.3125,0.125,0.375,0.0,1.0,0.0,0.0,0.0,0.0,0.0,0.0,1.0,0.0,0.0,0.0,0.0,0.0,1.0,1.0,0.0,0.0,0.0,0.0,0.0,0.0,0.0,1.0,0.0,0.0,0.0,1.0,0.0,0.0,0.07291666666666667,0.0,0.0,0.0,1.0,0.0,0.0,3
0.5,0.375,0.3125,0.25,0.1875,0.375,0.0,1.0,0.0,0.0,0.0,0.0,0.0,0.0,1.0,0.0,0.0,0.0,0.0,0.0,1.0,0.0,0.0,0.0,0.0,1.0,0.0,0.0,0.0,1.0,0.0,0.0,0.0,1.0,0.0,0.0,0.07291666666666667,0.0,1.0,0.0,0.0,0.0,0.0,1
0.4375,0.3125,0.375,0.25,0.1875,0.375,0.0,1.0,0.0,0.0,0.0,0.0,1.0,0.0,0.0,0.0,0.0,0.0,0.0,1.0,0.0,0.0,0.0,0.0,0.0,1.0,0.0,0.0,0.0,1.0,0.0,0.0,0.0,1.0,0.0,0.0,0.07291666666666667,1.0,0.0,0.0,0.0,0.0,0.0,0
0.4375,0.3125,0.375,0.25,0.1875,0.375,0.0,1.0,0.0,0.0,0.0,0.0,1.0,0.0,0.0,0.0,0.0,0.0,0.0,1.0,0.0,0.0,0.0,0.0,0.0,1.0,0.0,0.0,0.0,1.0,0.0,0.0,0.0,1.0,0.0,0.0,0.052083333333333336,1.0,0.0,0.0,0.0,0.0,0.0,0
0.1875,0.25,0.4375,0.25,0.1875,0.375,0.0,0.0,0.0,0.0,1.0,0.0,0.0,1.0,0.0,0.0,0.0,0.0,0.0,1.0,0.0,0.0,0.0,0.0,0.0,1.0,0.0,0.0,0.0,1.0,0.0,0.0,0.0,1.0,0.0,0.0,0.052083333333333336,0.0,0.0,0.0,1.0,0.0,0.0,3
0.1875,0.25,0.4375,0.25,0.1875,0.375,0.0,0.0,0.0,0.0,1.0,0.0,0.0,1.0,0.0,0.0,0.0,0.0,0.0,1.0,0.0,0.0,0.0,0.0,0.0,1.0,0.0,1.0,0.0,0.0,0.0,0.0,0.0,1.0,0.0,0.0,0.0625,0.0,0.0,0.0,0.0,1.0,0.0,4
0.1875,0.3125,0.4375,0.125,0.25,0.25,0.0,0.0,0.0,0.0,1.0,0.0,0.0,1.0,0.0,0.0,0.0,0.0,0.0,1.0,0.0,0.0,0.0,0.0,0.0,1.0,1.0,0.0,0.0,0.0,0.0,0.0,0.0,1.0,0.0,0.0,0.0625,0.0,1.0,0.0,0.0,0.0,0.0,1
0.25,0.375,0.5,0.1875,0.3125,0.3125,0.0,0.0,0.0,0.0,1.0,0.0,0.0,0.0,1.0,0.0,0.0,0.0,0.0,1.0,0.0,0.0,0.0,0.0,0.0,1.0,1.0,0.0,0.0,0.0,0.0,0.0,0.0,1.0,0.0,0.0,0.07291666666666667,0.0,0.0,1.0,0.0,0.0,0.0,2
0.25,0.375,0.4375,0.25,0.3125,0.25,0.0,0.0,0.0,0.0,1.0,0.0,0.0,0.0,1.0,0.0,0.0,0.0,0.0,1.0,0.0,1.0,0.0,0.0,0.0,0.0,1.0,0.0,0.0,0.0,0.0,0.0,0.0,1.0,0.0,0.0,0.09375,0.0,0.0,1.0,0.0,0.0,0.0,2
0.25,0.375,0.4375,0.25,0.3125,0.25,0.0,0.0,0.0,0.0,1.0,0.0,0.0,0.0,1.0,0.0,0.0,0.0,0.0,1.0,0.0,1.0,0.0,0.0,0.0,0.0,1.0,0.0,0.0,0.0,0.0,0.0,0.0,1.0,0.0,0.0,0.09375,0.0,0.0,0.0,1.0,0.0,0.0,3
0.3125,0.4375,0.5,0.3125,0.1875,0.3125,0.0,0.0,0.0,0.0,1.0,0.0,0.0,0.0,1.0,0.0,0.0,0.0,0.0,1.0,0.0,1.0,0.0,0.0,0.0,0.0,0.0,0.0,0.0,1.0,0.0,0.0,0.0,1.0,0.0,0.0,0.052083333333333336,0.0,0.0,1.0,0.0,0.0,0.0,2
0.25,0.4375,0.4375,0.375,0.1875,0.3125,0.0,0.0,0.0,0.0,1.0,0.0,0.0,0.0,1.0,0.0,0.0,0.0,0.0,1.0,0.0,0.0,0.0,1.0,0.0,0.0,0.0,0.0,0.0,1.0,0.0,0.0,0.0,1.0,0.0,0.0,0.0625,0.0,0.0,0.0,1.0,0.0,0.0,3
0.25,0.4375,0.4375,0.3125,0.3125,0.3125,0.0,0.0,0.0,0.0,1.0,0.0,0.0,0.0,1.0,0.0,0.0,0.0,0.0,1.0,0.0,1.0,0.0,0.0,0.0,0.0,0.0,0.0,1.0,0.0,0.0,0.0,0.0,1.0,0.0,0.0,0.07291666666666667,0.0,0.0,0.0,1.0,0.0,0.0,3
0.25,0.4375,0.4375,0.3125,0.25,0.3125,0.0,0.0,0.0,0.0,1.0,0.0,0.0,0.0,1.0,0.0,0.0,0.0,0.0,1.0,0.0,0.0,0.0,1.0,0.0,0.0,1.0,0.0,0.0,0.0,0.0,0.0,0.0,1.0,0.0,0.0,0.07291666666666667,0.0,0.0,0.0,1.0,0.0,0.0,3
0.3125,0.5,0.5,0.3125,0.375,0.375,0.0,0.0,0.0,0.0,1.0,0.0,0.0,0.0,1.0,0.0,0.0,0.0,0.0,1.0,0.0,0.0,0.0,0.0,1.0,0.0,0.0,0.0,1.0,0.0,0.0,0.0,0.0,1.0,0.0,0.0,0.10416666666666667,0.0,0.0,1.0,0.0,0.0,0.0,2
0.3125,0.375,0.25,0.0,0.3125,0.25,0.0,0.0,0.0,0.0,1.0,0.0,0.0,0.0,1.0,0.0,0.0,0.0,0.0,0.0,1.0,0.0,0.0,0.0,0.0,0.0,1.0,0.0,0.0,0.0,0.0,0.0,0.0,1.0,0.0,0.0,0.0625,0.0,1.0,0.0,0.0,0.0,0.0,1
0.375,0.375,0.375,0.0625,0.3125,0.3125,0.0,0.0,0.0,0.0,1.0,0.0,0.0,0.0,1.0,0.0,0.0,0.0,0.0,0.0,1.0,1.0,0.0,0.0,0.0,0.0,1.0,0.0,0.0,0.0,0.0,0.0,0.0,1.0,0.0,0.0,0.052083333333333336,0.0,1.0,0.0,0.0,0.0,0.0,1
0.375,0.375,0.1875,0.0625,0.3125,0.25,0.0,0.0,0.0,0.0,1.0,0.0,0.0,0.0,1.0,0.0,0.0,1.0,0.0,0.0,0.0,1.0,0.0,0.0,0.0,0.0,1.0,0.0,0.0,0.0,0.0,0.0,0.0,1.0,0.0,0.0,0.041666666666666664,0.0,0.0,0.0,0.0,1.0,0.0,4
0.4375,0.4375,0.25,0.0625,0.375,0.3125,0.0,0.0,0.0,0.0,1.0,0.0,0.0,0.0,1.0,0.0,0.0,1.0,0.0,0.0,0.0,1.0,0.0,0.0,0.0,0.0,1.0,0.0,0.0,0.0,0.0,0.0,1.0,0.0,0.0,0.0,0.052083333333333336,0.0,0.0,1.0,0.0,0.0,0.0,2
0.375,0.375,0.125,0.125,0.375,0.3125,0.0,0.0,0.0,0.0,1.0,0.0,0.0,0.0,1.0,0.0,0.0,0.0,1.0,0.0,0.0,0.0,1.0,0.0,0.0,0.0,1.0,0.0,0.0,0.0,0.0,0.0,1.0,0.0,0.0,0.0,0.052083333333333336,0.0,1.0,0.0,0.0,0.0,0.0,1
0.4375,0.4375,0.25,0.1875,0.4375,0.375,0.0,0.0,0.0,0.0,1.0,0.0,0.0,0.0,1.0,0.0,0.0,1.0,0.0,0.0,0.0,0.0,1.0,0.0,0.0,0.0,1.0,0.0,0.0,0.0,0.0,0.0,1.0,0.0,0.0,0.0,0.041666666666666664,0.0,0.0,1.0,0.0,0.0,0.0,2
0.4375,0.375,0.1875,0.25,0.4375,0.375,0.0,0.0,0.0,0.0,1.0,0.0,0.0,0.0,1.0,0.0,0.0,0.0,1.0,0.0,0.0,0.0,1.0,0.0,0.0,0.0,1.0,0.0,0.0,0.0,0.0,0.0,1.0,0.0,0.0,0.0,0.041666666666666664,0.0,0.0,0.0,1.0,0.0,0.0,3
0.4375,0.375,0.1875,0.25,0.4375,0.3125,0.0,0.0,0.0,0.0,1.0,0.0,0.0,0.0,1.0,0.0,0.0,0.0,1.0,0.0,0.0,1.0,0.0,0.0,0.0,0.0,1.0,0.0,0.0,0.0,0.0,0.0,1.0,0.0,0.0,0.0,0.0625,0.0,0.0,0.0,0.0,1.0,0.0,4
0.5,0.4375,0.25,0.3125,0.5,0.1875,0.0,0.0,0.0,0.0,1.0,0.0,0.0,0.0,1.0,0.0,0.0,0.0,1.0,0.0,0.0,1.0,0.0,0.0,0.0,0.0,1.0,0.0,0.0,0.0,0.0,0.0,1.0,0.0,0.0,0.0,0.041666666666666664,1.0,0.0,0.0,0.0,0.0,0.0,0
0.625,0.375,0.3125,0.3125,0.5625,0.25,0.0,0.0,0.0,0.0,1.0,0.0,0.0,0.0,0.0,1.0,0.0,0.0,1.0,0.0,0.0,1.0,0.0,0.0,0.0,0.0,1.0,0.0,0.0,0.0,0.0,0.0,1.0,0.0,0.0,0.0,0.052083333333333336,0.0,0.0,1.0,0.0,0.0,0.0,2
0.625,0.375,0.3125,0.3125,0.5625,0.25,0.0,0.0,0.0,0.0,1.0,0.0,0.0,0.0,0.0,1.0,0.0,0.0,1.0,0.0,0.0,1.0,0.0,0.0,0.0,0.0,1.0,0.0,0.0,0.0,0.0,0.0,1.0,0.0,0.0,0.0,0.041666666666666664,0.0,1.0,0.0,0.0,0.0,0.0,1
0.625,0.375,0.3125,0.3125,0.5625,0.25,0.0,0.0,0.0,0.0,1.0,0.0,0.0,0.0,0.0,1.0,0.0,0.0,1.0,0.0,0.0,1.0,0.0,0.0,0.0,0.0,1.0,0.0,0.0,0.0,0.0,0.0,1.0,0.0,0.0,0.0,0.07291666666666667,1.0,0.0,0.0,0.0,0.0,0.0,0
0.5625,0.4375,0.375,0.375,0.5625,0.3125,0.0,0.0,0.0,0.0,1.0,0.0,0.0,0.0,0.0,1.0,0.0,0.0,1.0,0.0,0.0,1.0,0.0,0.0,0.0,0.0,1.0,0.0,0.0,0.0,0.0,0.0,1.0,0.0,0.0,0.0,0.08333333333333333,0.0,0.0,0.0,0.0,1.0,0.0,4
0.5,0.5,0.4375,0.375,0.3125,0.375,0.0,0.0,0.0,0.0,1.0,0.0,0.0,0.0,0.0,1.0,0.0,0.0,1.0,0.0,0.0,1.0,0.0,0.0,0.0,0.0,1.0,0.0,0.0,0.0,0.0,0.0,1.0,0.0,0.0,0.0,0.09375,0.0,0.0,0.0,1.0,0.0,0.0,3
0.5625,0.5,0.5,0.25,0.375,0.4375,0.0,0.0,0.0,0.0,1.0,0.0,0.0,0.0,0.0,1.0,0.0,0.0,1.0,0.0,0.0,0.0,0.0,0.0,0.0,1.0,0.0,0.0,0.0,0.0,1.0,0.0,1.0,0.0,0.0,0.0,0.10416666666666667,0.0,1.0,0.0,0.0,0.0,0.0,1
0.5625,0.3125,0.5,0.25,0.375,0.4375,0.0,0.0,0.0,0.0,1.0,0.0,1.0,0.0,0.0,0.0,0.0,0.0,0.0,0.0,1.0,0.0,0.0,0.0,0.0,1.0,0.0,0.0,0.0,0.0,1.0,0.0,1.0,0.0,0.0,0.0,0.09375,1.0,0.0,0.0,0.0,0.0,0.0,0
0.5,0.5625,0.5,0.1875,0.375,0.4375,1.0,0.0,0.0,0.0,0.0,0.0,0.0,0.0,0.0,1.0,0.0,0.0,0.0,0.0,1.0,0.0,0.0,0.0,0.0,1.0,0.0,0.0,0.0,0.0,1.0,0.0,1.0,0.0,0.0,0.0,0.08333333333333333,0.0,1.0,0.0,0.0,0.0,0.0,1
0.5625,0.375,0.4375,0.25,0.3125,0.4375,1.0,0.0,0.0,0.0,0.0,0.0,1.0,0.0,0.0,0.0,0.0,0.0,1.0,0.0,0.0,0.0,0.0,0.0,0.0,1.0,0.0,0.0,0.0,0.0,1.0,0.0,1.0,0.0,0.0,0.0,0.08333333333333333,1.0,0.0,0.0,0.0,0.0,0.0,0
0.4375,0.375,0.5,0.3125,0.375,0.5,1.0,0.0,0.0,0.0,0.0,1.0,0.0,0.0,0.0,0.0,0.0,0.0,1.0,0.0,0.0,0.0,0.0,0.0,0.0,1.0,0.0,0.0,0.0,0.0,1.0,0.0,1.0,0.0,0.0,0.0,0.09375,1.0,0.0,0.0,0.0,0.0,0.0,0
0.375,0.4375,0.5,0.3125,0.375,0.5,0.0,0.0,0.0,1.0,0.0,1.0,0.0,0.0,0.0,0.0,0.0,0.0,1.0,0.0,0.0,0.0,0.0,0.0,0.0,1.0,0.0,0.0,0.0,0.0,1.0,0.0,1.0,0.0,0.0,0.0,0.10416666666666667,0.0,1.0,0.0,0.0,0.0,0.0,1
0.4375,0.4375,0.375,0.375,0.4375,0.5625,0.0,0.0,0.0,1.0,0.0,0.0,0.0,0.0,1.0,0.0,0.0,0.0,1.0,0.0,0.0,0.0,0.0,0.0,0.0,1.0,0.0,0.0,0.0,0.0,1.0,0.0,1.0,0.0,0.0,0.0,0.08333333333333333,0.0,0.0,0.0,1.0,0.0,0.0,3
0.5,0.5,0.4375,0.4375,0.3125,0.625,0.0,0.0,0.0,1.0,0.0,0.0,0.0,0.0,1.0,0.0,0.0,0.0,1.0,0.0,0.0,0.0,0.0,1.0,0.0,0.0,0.0,0.0,0.0,1.0,0.0,0.0,1.0,0.0,0.0,0.0,0.10416666666666667,0.0,0.0,0.0,1.0,0.0,0.0,3
0.5,0.5,0.4375,0.375,0.375,0.5625,0.0,0.0,0.0,1.0,0.0,0.0,0.0,0.0,1.0,0.0,0.0,0.0,1.0,0.0,0.0,0.0,0.0,1.0,0.0,0.0,0.0,1.0,0.0,0.0,0.0,0.0,1.0,0.0,0.0,0.0,0.11458333333333333,0.0,0.0,0.0,0.0,1.0,0.0,4
0.5,0.5,0.4375,0.375,0.25,0.5625,0.0,0.0,0.0,1.0,0.0,0.0,0.0,0.0,1.0,0.0,0.0,0.0,1.0,0.0,0.0,0.0,0.0,1.0,0.0,0.0,0.0,0.0,0.0,1.0,0.0,0.0,1.0,0.0,0.0,0.0,0.125,0.0,0.0,0.0,0.0,1.0,0.0,4
0.625,0.625,0.375,0.3125,0.375,0.4375,0.0,0.0,0.0,1.0,0.0,0.0,0.0,0.0,1.0,0.0,0.0,1.0,0.0,0.0,0.0,0.0,0.0,1.0,0.0,0.0,0.0,0.0,0.0,1.0,0.0,0.0,0.0,1.0,0.0,0.0,0.14583333333333334,0.0,1.0,0.0,0.0,0.0,0.0,1
0.625,0.625,0.375,0.3125,0.375,0.4375,0.0,0.0,0.0,1.0,0.0,0.0,0.0,0.0,1.0,0.0,0.0,1.0,0.0,0.0,0.0,0.0,0.0,1.0,0.0,0.0,0.0,0.0,0.0,1.0,0.0,0.0,0.0,1.0,0.0,0.0,0.14583333333333334,0.0,1.0,0.0,0.0,0.0,0.0,1
0.625,0.625,0.5,0.375,0.4375,0.5,0.0,0.0,0.0,1.0,0.0,0.0,0.0,0.0,1.0,0.0,0.0,0.0,0.0,1.0,0.0,0.0,0.0,1.0,0.0,0.0,0.0,0.0,0.0,1.0,0.0,0.0,0.0,1.0,0.0,0.0,0.13541666666666666,0.0,0.0,1.0,0.0,0.0,0.0,2
0.625,0.625,0.4375,0.4375,0.4375,0.5,0.0,0.0,0.0,1.0,0.0,0.0,0.0,0.0,1.0,0.0,0.0,1.0,0.0,0.0,0.0,0.0,0.0,0.0,1.0,0.0,0.0,0.0,0.0,1.0,0.0,0.0,0.0,1.0,0.0,0.0,0.14583333333333334,0.0,0.0,1.0,0.0,0.0,0.0,2
0.6875,0.625,0.5,0.5,0.5,0.5625,0.0,0.0,0.0,1.0,0.0,0.0,0.0,0.0,1.0,0.0,0.0,0.0,0.0,1.0,0.0,0.0,1.0,0.0,0.0,0.0,0.0,0.0,0.0,1.0,0.0,0.0,0.0,1.0,0.0,0.0,0.11458333333333333,0.0,1.0,0.0,0.0,0.0,0.0,1
0.5,0.3125,0.375,0.5,0.5625,0.5625,0.0,0.0,0.0,1.0,0.0,0.0,1.0,0.0,0.0,0.0,1.0,0.0,0.0,0.0,0.0,0.0,0.0,0.0,1.0,0.0,0.0,0.0,0.0,0.0,1.0,0.0,1.0,0.0,0.0,0.0,0.0625,0.0,1.0,0.0,0.0,0.0,0.0,1
0.5,0.3125,0.125,0.3125,0.4375,0.1875,0.0,0.0,0.0,1.0,0.0,0.0,1.0,0.0,0.0,0.0,0.0,0.0,1.0,0.0,0.0,0.0,0.0,0.0,1.0,0.0,0.0,0.0,0.0,0.0,1.0,0.0,1.0,0.0,0.0,0.0,0.09375,0.0,0.0,0.0,0.0,1.0,0.0,4
0.5625,0.375,0.1875,0.3125,0.4375,0.3125,0.0,0.0,0.0,1.0,0.0,0.0,1.0,0.0,0.0,0.0,0.0,0.0,1.0,0.0,0.0,0.0,0.0,0.0,1.0,0.0,0.0,0.0,0.0,0.0,1.0,0.0,0.0,1.0,0.0,0.0,0.10416666666666667,1.0,0.0,0.0,0.0,0.0,0.0,0
0.5625,0.3125,0.25,0.25,0.5,0.3125,0.0,0.0,0.0,1.0,0.0,0.0,0.0,0.0,1.0,0.0,0.0,0.0,1.0,0.0,0.0,0.0,0.0,0.0,1.0,0.0,0.0,0.0,0.0,0.0,1.0,0.0,0.0,1.0,0.0,0.0,0.10416666666666667,0.0,1.0,0.0,0.0,0.0,0.0,1
0.625,0.375,0.3125,0.3125,0.5,0.375,0.0,0.0,0.0,1.0,0.0,0.0,0.0,0.0,1.0,0.0,0.0,0.0,0.0,1.0,0.0,0.0,0.0,0.0,1.0,0.0,0.0,0.0,0.0,0.0,1.0,0.0,0.0,1.0,0.0,0.0,0.10416666666666667,1.0,0.0,0.0,0.0,0.0,0.0,0
0.4375,0.375,0.3125,0.25,0.5,0.375,0.0,0.0,0.0,1.0,0.0,0.0,0.0,0.0,1.0,0.0,0.0,0.0,0.0,1.0,0.0,0.0,0.0,0.0,1.0,0.0,0.0,0.0,0.0,0.0,1.0,0.0,0.0,1.0,0.0,0.0,0.08333333333333333,1.0,0.0,0.0,0.0,0.0,0.0,0
0.3125,0.4375,0.1875,0.25,0.5625,0.5,1.0,0.0,0.0,0.0,0.0,0.0,0.0,1.0,0.0,0.0,0.0,0.0,1.0,0.0,0.0,0.0,0.0,1.0,0.0,0.0,0.0,0.0,0.0,0.0,1.0,0.0,0.0,1.0,0.0,0.0,0.07291666666666667,0.0,0.0,1.0,0.0,0.0,0.0,2
0.3125,0.4375,0.1875,0.0,0.625,0.5625,1.0,0.0,0.0,0.0,0.0,0.0,0.0,1.0,0.0,0.0,1.0,0.0,0.0,0.0,0.0,0.0,0.0,0.0,0.0,0.0,0.0,0.0,0.0,0.0,1.0,0.0,0.0,1.0,0.0,0.0,0.052083333333333336,0.0,0.0,0.0,1.0,0.0,0.0,3
0.3125,0.4375,0.1875,0.0625,0.5625,0.5625,1.0,0.0,0.0,0.0,0.0,0.0,0.0,1.0,0.0,0.0,1.0,0.0,0.0,0.0,0.0,1.0,0.0,0.0,0.0,0.0,0.0,0.0,0.0,0.0,1.0,0.0,0.0,1.0,0.0,0.0,0.0625,0.0,0.0,0.0,0.0,1.0,0.0,4
0.375,0.5,0.1875,0.125,0.375,0.625,1.0,0.0,0.0,0.0,0.0,0.0,0.0,1.0,0.0,0.0,1.0,0.0,0.0,0.0,0.0,1.0,0.0,0.0,0.0,0.0,0.0,0.0,0.0,1.0,0.0,0.0,0.0,1.0,0.0,0.0,0.09375,0.0,0.0,0.0,0.0,1.0,0.0,4
0.4375,0.5625,0.1875,0.1875,0.5,0.625,1.0,0.0,0.0,0.0,0.0,0.0,0.0,1.0,0.0,0.0,1.0,0.0,0.0,0.0,0.0,1.0,0.0,0.0,0.0,0.0,1.0,0.0,0.0,0.0,0.0,0.0,0.0,1.0,0.0,0.0,0.11458333333333333,0.0,0.0,0.0,0.0,1.0,0.0,4
0.4375,0.5625,0.1875,0.1875,0.5,0.625,1.0,0.0,0.0,0.0,0.0,0.0,0.0,1.0,0.0,0.0,1.0,0.0,0.0,0.0,0.0,1.0,0.0,0.0,0.0,0.0,1.0,0.0,0.0,0.0,0.0,0.0,0.0,1.0,0.0,0.0,0.10416666666666667,0.0,0.0,0.0,1.0,0.0,0.0,3
0.4375,0.5625,0.1875,0.25,0.4375,0.625,1.0,0.0,0.0,0.0,0.0,0.0,0.0,1.0,0.0,0.0,1.0,0.0,0.0,0.0,0.0,0.0,0.0,0.0,1.0,0.0,1.0,0.0,0.0,0.0,0.0,0.0,0.0,1.0,0.0,0.0,0.09375,0.0,0.0,0.0,1.0,0.0,0.0,3
0.4375,0.5625,0.1875,0.375,0.375,0.625,1.0,0.0,0.0,0.0,0.0,0.0,0.0,1.0,0.0,0.0,1.0,0.0,0.0,0.0,0.0,1.0,0.0,0.0,0.0,0.0,0.0,0.0,1.0,0.0,0.0,0.0,0.0,1.0,0.0,0.0,0.09375,0.0,0.0,0.0,0.0,1.0,0.0,4
0.5,0.625,0.25,0.375,0.5,0.4375,1.0,0.0,0.0,0.0,0.0,0.0,0.0,1.0,0.0,0.0,1.0,0.0,0.0,0.0,0.0,1.0,0.0,0.0,0.0,0.0,0.0,0.0,0.0,1.0,0.0,0.0,0.0,1.0,0.0,0.0,0.11458333333333333,0.0,1.0,0.0,0.0,0.0,0.0,1
0.5,0.5625,0.0625,0.3125,0.5,0.4375,1.0,0.0,0.0,0.0,0.0,0.0,0.0,1.0,0.0,0.0,0.0,0.0,0.0,1.0,0.0,1.0,0.0,0.0,0.0,0.0,0.0,0.0,0.0,1.0,0.0,0.0,0.0,1.0,0.0,0.0,0.0625,0.0,1.0,0.0,0.0,0.0,0.0,1
0.5625,0.25,0.125,0.3125,0.4375,0.5,1.0,0.0,0.0,0.0,0.0,0.0,0.0,1.0,0.0,0.0,0.0,0.0,0.0,1.0,0.0,1.0,0.0,0.0,0.0,0.0,0.0,0.0,0.0,1.0,0.0,0.0,0.0,1.0,0.0,0.0,0.052083333333333336,1.0,0.0,0.0,0.0,0.0,0.0,0
0.625,0.375,0.1875,0.375,0.5,0.5625,1.0,0.0,0.0,0.0,0.0,0.0,1.0,0.0,0.0,0.0,0.0,0.0,0.0,1.0,0.0,1.0,0.0,0.0,0.0,0.0,0.0,0.0,0.0,1.0,0.0,0.0,0.0,1.0,0.0,0.0,0.08333333333333333,0.0,1.0,0.0,0.0,0.0,0.0,1
0.5625,0.25,0.25,0.1875,0.5,0.5625,1.0,0.0,0.0,0.0,0.0,0.0,1.0,0.0,0.0,0.0,1.0,0.0,0.0,0.0,0.0,1.0,0.0,0.0,0.0,0.0,0.0,0.0,0.0,1.0,0.0,0.0,0.0,1.0,0.0,0.0,0.08333333333333333,1.0,0.0,0.0,0.0,0.0,0.0,0
0.375,0.375,0.3125,0.25,0.5625,0.625,1.0,0.0,0.0,0.0,0.0,1.0,0.0,0.0,0.0,0.0,1.0,0.0,0.0,0.0,0.0,1.0,0.0,0.0,0.0,0.0,0.0,0.0,0.0,1.0,0.0,0.0,0.0,1.0,0.0,0.0,0.09375,0.0,0.0,0.0,0.0,1.0,0.0,4
0.25,0.375,0.375,0.3125,0.625,0.4375,1.0,0.0,0.0,0.0,0.0,1.0,0.0,0.0,0.0,0.0,1.0,0.0,0.0,0.0,0.0,1.0,0.0,0.0,0.0,0.0,0.0,0.0,0.0,1.0,0.0,0.0,0.0,0.0,1.0,0.0,0.10416666666666667,0.0,0.0,0.0,0.0,1.0,0.0,4
0.125,0.1875,0.1875,0.1875,0.5625,0.5,1.0,0.0,0.0,0.0,0.0,0.0,1.0,0.0,0.0,0.0,0.0,0.0,0.0,1.0,0.0,1.0,0.0,0.0,0.0,0.0,0.0,0.0,0.0,1.0,0.0,0.0,1.0,0.0,0.0,0.0,0.020833333333333332,0.0,0.0,0.0,0.0,1.0,0.0,4
0.1875,0.25,0.25,0.25,0.625,0.375,1.0,0.0,0.0,0.0,0.0,0.0,1.0,0.0,0.0,0.0,0.0,0.0,0.0,1.0,0.0,1.0,0.0,0.0,0.0,0.0,0.0,0.0,0.0,1.0,0.0,0.0,0.0,0.0,0.0,1.0,0.03125,0.0,0.0,0.0,0.0,1.0,0.0,4
0.1875,0.25,0.25,0.25,0.25,0.4375,1.0,0.0,0.0,0.0,0.0,0.0,1.0,0.0,0.0,0.0,0.0,0.0,0.0,1.0,0.0,1.0,0.0,0.0,0.0,0.0,0.0,0.0,0.0,0.0,1.0,0.0,0.0,0.0,0.0,1.0,0.052083333333333336,0.0,0.0,0.0,0.0,1.0,0.0,4
0.25,0.3125,0.3125,0.3125,0.375,0.1875,1.0,0.0,0.0,0.0,0.0,0.0,1.0,0.0,0.0,0.0,0.0,0.0,0.0,1.0,0.0,1.0,0.0,0.0,0.0,0.0,1.0,0.0,0.0,0.0,0.0,0.0,0.0,0.0,1.0,0.0,0.0625,0.0,0.0,0.0,1.0,0.0,0.0,3
0.25,0.3125,0.3125,0.375,0.3125,0.1875,1.0,0.0,0.0,0.0,0.0,0.0,1.0,0.0,0.0,0.0,0.0,0.0,0.0,1.0,0.0,1.0,0.0,0.0,0.0,0.0,0.0,0.0,0.0,0.0,1.0,0.0,0.0,0.0,1.0,0.0,0.07291666666666667,0.0,0.0,1.0,0.0,0.0,0.0,2
0.25,0.3125,0.3125,0.1875,0.375,0.25,1.0,0.0,0.0,0.0,0.0,0.0,1.0,0.0,0.0,0.0,0.0,0.0,0.0,1.0,0.0,0.0,0.0,1.0,0.0,0.0,0.0,0.0,0.0,0.0,1.0,0.0,0.0,0.0,1.0,0.0,0.052083333333333336,0.0,1.0,0.0,0.0,0.0,0.0,1
0.3125,0.375,0.375,0.25,0.4375,0.3125,1.0,0.0,0.0,0.0,0.0,0.0,1.0,0.0,0.0,0.0,0.0,0.0,0.0,1.0,0.0,0.0,0.0,1.0,0.0,0.0,0.0,0.0,0.0,0.0,1.0,0.0,0.0,0.0,1.0,0.0,0.0625,0.0,0.0,0.0,1.0,0.0,0.0,3
0.3125,0.375,0.3125,0.3125,0.375,0.3125,1.0,0.0,0.0,0.0,0.0,0.0,1.0,0.0,0.0,0.0,0.0,0.0,0.0,1.0,0.0,0.0,1.0,0.0,0.0,0.0,0.0,0.0,0.0,0.0,1.0,0.0,0.0,0.0,1.0,0.0,0.08333333333333333,0.0,0.0,1.0,0.0,0.0,0.0,2
0.375,0.4375,0.375,0.3125,0.375,0.3125,1.0,0.0,0.0,0.0,0.0,0.0,1.0,0.0,0.0,0.0,0.0,1.0,0.0,0.0,0.0,0.0,0.0,1.0,0.0,0.0,0.0,0.0,0.0,0.0,1.0,0.0,0.0,0.0,0.0,1.0,0.10416666666666667,1.0,0.0,0.0,0.0,0.0,0.0,0
0.5,0.375,0.5,0.4375,0.5625,0.5,1.0,0.0,0.0,0.0,0.0,0.0,0.0,1.0,0.0,0.0,0.0,1.0,0.0,0.0,0.0,0.0,0.0,0.0,0.0,1.0,0.0,0.0,0.0,0.0,1.0,0.0,0.0,0.0,0.0,1.0,0.08333333333333333,0.0,0.0,1.0,0.0,0.0,0.0,2
0.5625,0.3125,0.5625,0.5,0.625,0.5625,1.0,0.0,0.0,0.0,0.0,0.0,0.0,1.0,0.0,0.0,0.0,1.0,0.0,0.0,0.0,0.0,0.0,0.0,0.0,1.0,0.0,0.0,0.0,0.0,1.0,0.0,0.0,0.0,0.0,1.0,0.13541666666666666,0.0,0.0,0.0,1.0,0.0,0.0,3
0.5,0.3125,0.5,0.5,0.625,0.5625,1.0,0.0,0.0,0.0,0.0,0.0,0.0,1.0,0.0,0.0,0.0,1.0,0.0,0.0,0.0,0.0,0.0,0.0,0.0,1.0,0.0,0.0,0.0,0.0,1.0,0.0,0.0,0.0,0.0,1.0,0.08333333333333333,0.0,0.0,0.0,1.0,0.0,0.0,3
0.5,0.3125,0.5,0.5,0.625,0.5625,1.0,0.0,0.0,0.0,0.0,0.0,0.0,1.0,0.0,0.0,0.0,1.0,0.0,0.0,0.0,0.0,0.0,0.0,0.0,1.0,0.0,0.0,0.0,0.0,1.0,0.0,0.0,0.0,0.0,1.0,0.09375,0.0,0.0,0.0,1.0,0.0,0.0,3
0.4375,0.4375,0.4375,0.25,0.25,0.25,0.0,0.0,1.0,0.0,0.0,0.0,0.0,0.0,1.0,0.0,0.0,0.0,0.0,0.0,1.0,0.0,0.0,1.0,0.0,0.0,0.0,0.0,0.0,0.0,1.0,0.0,0.0,1.0,0.0,0.0,0.07291666666666667,0.0,1.0,0.0,0.0,0.0,0.0,1
0.4375,0.4375,0.4375,0.1875,0.1875,0.1875,0.0,0.0,1.0,0.0,0.0,0.0,0.0,0.0,1.0,0.0,0.0,0.0,0.0,0.0,1.0,0.0,0.0,1.0,0.0,0.0,0.0,0.0,0.0,0.0,1.0,0.0,0.0,1.0,0.0,0.0,0.07291666666666667,0.0,1.0,0.0,0.0,0.0,0.0,1
0.5,0.1875,0.375,0.25,0.3125,0.3125,0.0,0.0,1.0,0.0,0.0,0.0,0.0,0.0,1.0,0.0,0.0,0.0,0.0,0.0,1.0,0.0,0.0,0.0,1.0,0.0,0.0,0.0,0.0,0.0,1.0,0.0,0.0,1.0,0.0,0.0,0.0625,0.0,0.0,0.0,1.0,0.0,0.0,3
0.5,0.1875,0.375,0.3125,0.25,0.3125,0.0,0.0,1.0,0.0,0.0,0.0,0.0,0.0,1.0,0.0,0.0,0.0,0.0,0.0,1.0,0.0,0.0,0.0,0.0,1.0,1.0,0.0,0.0,0.0,0.0,0.0,0.0,1.0,0.0,0.0,0.0625,0.0,0.0,1.0,0.0,0.0,0.0,2
0.625,0.3125,0.4375,0.4375,0.375,0.4375,0.0,0.0,1.0,0.0,0.0,0.0,0.0,0.0,1.0,0.0,0.0,0.0,0.0,0.0,1.0,0.0,0.0,1.0,0.0,0.0,1.0,0.0,0.0,0.0,0.0,0.0,0.0,1.0,0.0,0.0,0.11458333333333333,0.0,0.0,0.0,0.0,1.0,0.0,4
0.5,0.5,0.5,0.5,0.375,0.5,0.0,0.0,0.0,0.0,1.0,0.0,0.0,0.0,1.0,0.0,0.0,0.0,1.0,0.0,0.0,0.0,0.0,0.0,0.0,1.0,0.0,0.0,0.0,1.0,0.0,0.0,0.0,0.0,1.0,0.0,0.10416666666666667,0.0,0.0,1.0,0.0,0.0,0.0,2
0.3125,0.375,0.25,0.0,0.25,0.4375,0.0,0.0,0.0,0.0,1.0,0.0,0.0,0.0,1.0,0.0,0.0,0.0,1.0,0.0,0.0,0.0,0.0,0.0,0.0,0.0,0.0,0.0,0.0,1.0,0.0,0.0,0.0,0.0,1.0,0.0,0.0625,1.0,0.0,0.0,0.0,0.0,0.0,0
0.3125,0.125,0.25,0.0,0.25,0.4375,0.0,0.0,0.0,0.0,1.0,0.0,0.0,0.0,1.0,0.0,0.0,0.0,1.0,0.0,0.0,0.0,0.0,0.0,0.0,0.0,0.0,0.0,0.0,1.0,0.0,0.0,0.0,0.0,1.0,0.0,0.0625,0.0,0.0,0.0,0.0,1.0,0.0,4
0.375,0.1875,0.3125,0.0625,0.375,0.4375,0.0,0.0,0.0,0.0,1.0,0.0,0.0,0.0,1.0,0.0,0.0,0.0,1.0,0.0,0.0,0.0,0.0,0.0,0.0,1.0,1.0,0.0,0.0,0.0,0.0,0.0,0.0,0.0,1.0,0.0,0.09375,0.0,0.0,0.0,1.0,0.0,0.0,3
0.3125,0.1875,0.3125,0.0625,0.25,0.375,0.0,0.0,0.0,0.0,1.0,0.0,0.0,0.0,1.0,0.0,0.0,0.0,1.0,0.0,0.0,0.0,0.0,0.0,0.0,1.0,1.0,0.0,0.0,0.0,0.0,0.0,0.0,0.0,1.0,0.0,0.08333333333333333,0.0,0.0,0.0,0.0,1.0,0.0,4
0.375,0.25,0.375,0.125,0.125,0.25,0.0,0.0,0.0,0.0,1.0,0.0,0.0,0.0,1.0,0.0,0.0,0.0,1.0,0.0,0.0,0.0,0.0,0.0,0.0,1.0,0.0,0.0,1.0,0.0,0.0,0.0,0.0,0.0,1.0,0.0,0.09375,0.0,0.0,1.0,0.0,0.0,0.0,2
0.375,0.25,0.375,0.1875,0.125,0.25,0.0,0.0,0.0,0.0,1.0,0.0,0.0,0.0,1.0,0.0,0.0,0.0,1.0,0.0,0.0,0.0,0.0,1.0,0.0,0.0,0.0,0.0,1.0,0.0,0.0,0.0,0.0,0.0,1.0,0.0,0.0625,0.0,0.0,1.0,0.0,0.0,0.0,2
0.375,0.1875,0.0,0.125,0.125,0.25,0.0,0.0,0.0,0.0,1.0,0.0,0.0,0.0,1.0,0.0,0.0,0.0,0.0,0.0,0.0,0.0,0.0,0.0,0.0,1.0,0.0,0.0,1.0,0.0,0.0,0.0,0.0,0.0,1.0,0.0,0.0625,0.0,1.0,0.0,0.0,0.0,0.0,1
0.375,0.1875,0.125,0.125,0.125,0.25,0.0,0.0,0.0,0.0,1.0,0.0,0.0,0.0,1.0,0.0,0.0,0.0,1.0,0.0,0.0,0.0,0.0,0.0,0.0,1.0,0.0,0.0,1.0,0.0,0.0,0.0,0.0,0.0,1.0,0.0,0.052083333333333336,0.0,0.0,1.0,0.0,0.0,0.0,2
0.4375,0.125,0.125,0.125,0.125,0.25,0.0,0.0,0.0,0.0,1.0,0.0,0.0,0.0,1.0,0.0,0.0,0.0,0.0,0.0,1.0,0.0,1.0,0.0,0.0,0.0,0.0,1.0,0.0,0.0,0.0,0.0,0.0,0.0,1.0,0.0,0.07291666666666667,1.0,0.0,0.0,0.0,0.0,0.0,0
0.4375,0.125,0.125,0.125,0.125,0.25,0.0,0.0,0.0,0.0,1.0,0.0,1.0,0.0,0.0,0.0,0.0,0.0,0.0,0.0,1.0,0.0,1.0,0.0,0.0,0.0,0.0,1.0,0.0,0.0,0.0,0.0,0.0,0.0,1.0,0.0,0.07291666666666667,0.0,1.0,0.0,0.0,0.0,0.0,1
0.4375,0.125,0.0625,0.0625,0.0625,0.25,0.0,0.0,0.0,0.0,1.0,0.0,0.0,0.0,0.0,1.0,0.0,0.0,1.0,0.0,0.0,0.0,1.0,0.0,0.0,0.0,0.0,1.0,0.0,0.0,0.0,0.0,0.0,0.0,1.0,0.0,0.041666666666666664,1.0,0.0,0.0,0.0,0.0,0.0,0
0.375,0.125,0.0625,0.0625,0.125,0.3125,0.0,0.0,0.0,0.0,1.0,0.0,0.0,0.0,1.0,0.0,0.0,0.0,1.0,0.0,0.0,0.0,1.0,0.0,0.0,0.0,0.0,1.0,0.0,0.0,0.0,0.0,0.0,0.0,1.0,0.0,0.0625,1.0,0.0,0.0,0.0,0.0,0.0,0
0.1875,0.25,0.125,0.125,0.1875,0.3125,0.0,0.0,0.0,1.0,0.0,0.0,1.0,0.0,0.0,0.0,0.0,0.0,1.0,0.0,0.0,0.0,1.0,0.0,0.0,0.0,0.0,1.0,0.0,0.0,0.0,0.0,0.0,0.0,1.0,0.0,0.041666666666666664,0.0,0.0,0.0,0.0,1.0,0.0,4
0.25,0.3125,0.1875,0.1875,0.25,0.375,0.0,0.0,0.0,1.0,0.0,0.0,1.0,0.0,0.0,0.0,0.0,0.0,1.0,0.0,0.0,0.0,1.0,0.0,0.0,0.0,0.0,1.0,0.0,0.0,0.0,0.0,0.0,0.0,1.0,0.0,0.041666666666666664,0.0,0.0,0.0,0.0,1.0,0.0,4
0.25,0.25,0.125,0.0625,0.25,0.375,0.0,0.0,0.0,1.0,0.0,0.0,1.0,0.0,0.0,0.0,0.0,0.0,1.0,0.0,0.0,0.0,1.0,0.0,0.0,0.0,0.0,0.0,1.0,0.0,0.0,0.0,0.0,0.0,1.0,0.0,0.03125,0.0,0.0,1.0,0.0,0.0,0.0,2
0.25,0.25,0.0625,0.125,0.25,0.375,0.0,0.0,0.0,1.0,0.0,0.0,1.0,0.0,0.0,0.0,0.0,0.0,0.0,0.0,1.0,0.0,0.0,1.0,0.0,0.0,0.0,0.0,1.0,0.0,0.0,0.0,0.0,0.0,1.0,0.0,0.03125,0.0,0.0,0.0,1.0,0.0,0.0,3
0.3125,0.3125,0.125,0.0,0.125,0.4375,0.0,0.0,0.0,1.0,0.0,0.0,1.0,0.0,0.0,0.0,0.0,0.0,0.0,0.0,1.0,0.0,0.0,0.0,0.0,0.0,0.0,0.0,0.0,0.0,1.0,0.0,0.0,0.0,1.0,0.0,0.03125,0.0,0.0,0.0,0.0,1.0,0.0,4
0.3125,0.375,0.125,0.0625,0.1875,0.25,0.0,0.0,0.0,1.0,0.0,0.0,1.0,0.0,0.0,0.0,0.0,0.0,0.0,0.0,1.0,0.0,0.0,1.0,0.0,0.0,0.0,1.0,0.0,0.0,0.0,0.0,0.0,0.0,1.0,0.0,0.03125,0.0,0.0,0.0,0.0,1.0,0.0,4
0.4375,0.5,0.125,0.1875,0.3125,0.0,0.0,0.0,0.0,1.0,0.0,0.0,1.0,0.0,0.0,0.0,0.0,0.0,0.0,0.0,1.0,0.0,0.0,1.0,0.0,0.0,0.0,1.0,0.0,0.0,0.0,0.0,0.0,0.0,0.0,0.0,0.041666666666666664,0.0,1.0,0.0,0.0,0.0,0.0,1
0.4375,0.4375,0.1875,0.1875,0.3125,0.0,0.0,0.0,0.0,1.0,0.0,0.0,1.0,0.0,0.0,0.0,0.0,0.0,0.0,0.0,1.0,0.0,0.0,1.0,0.0,0.0,0.0,1.0,0.0,0.0,0.0,0.0,0.0,0.0,0.0,0.0,0.03125,0.0,1.0,0.0,0.0,0.0,0.0,1
0.4375,0.375,0.25,0.1875,0.3125,0.0,0.0,0.0,0.0,1.0,0.0,0.0,1.0,0.0,0.0,0.0,0.0,0.0,0.0,1.0,0.0,0.0,0.0,1.0,0.0,0.0,0.0,1.0,0.0,0.0,0.0,0.0,0.0,0.0,0.0,0.0,0.052083333333333336,0.0,0.0,0.0,1.0,0.0,0.0,3
0.5,0.4375,0.3125,0.3125,0.375,0.0625,0.0,0.0,0.0,1.0,0.0,0.0,1.0,0.0,0.0,0.0,0.0,0.0,0.0,1.0,0.0,0.0,1.0,0.0,0.0,0.0,0.0,1.0,0.0,0.0,0.0,1.0,0.0,0.0,0.0,0.0,0.052083333333333336,0.0,0.0,1.0,0.0,0.0,0.0,2
0.5,0.4375,0.3125,0.3125,0.3125,0.0625,0.0,0.0,0.0,1.0,0.0,0.0,1.0,0.0,0.0,0.0,0.0,0.0,0.0,1.0,0.0,0.0,1.0,0.0,0.0,0.0,0.0,1.0,0.0,0.0,0.0,1.0,0.0,0.0,0.0,0.0,0.09375,0.0,0.0,1.0,0.0,0.0,0.0,2
0.5,0.4375,0.3125,0.3125,0.3125,0.0625,0.0,0.0,0.0,1.0,0.0,0.0,1.0,0.0,0.0,0.0,0.0,1.0,0.0,0.0,0.0,0.0,0.0,0.0,1.0,0.0,0.0,1.0,0.0,0.0,0.0,1.0,0.0,0.0,0.0,0.0,0.0625,0.0,1.0,0.0,0.0,0.0,0.0,1
0.5,0.1875,0.3125,0.3125,0.3125,0.0625,0.0,0.0,0.0,1.0,0.0,0.0,0.0,1.0,0.0,0.0,0.0,0.0,0.0,1.0,0.0,0.0,0.0,0.0,1.0,0.0,0.0,1.0,0.0,0.0,0.0,1.0,0.0,0.0,0.0,0.0,0.0625,0.0,0.0,0.0,0.0,1.0,0.0,4
0.5,0.25,0.375,0.375,0.3125,0.1875,0.0,0.0,0.0,1.0,0.0,0.0,0.0,1.0,0.0,0.0,0.0,0.0,0.0,1.0,0.0,0.0,0.0,0.0,1.0,0.0,0.0,1.0,0.0,0.0,0.0,0.0,0.0,0.0,0.0,1.0,0.08333333333333333,0.0,0.0,1.0,0.0,0.0,0.0,2
0.5625,0.3125,0.4375,0.125,0.375,0.25,0.0,0.0,0.0,1.0,0.0,0.0,0.0,1.0,0.0,0.0,0.0,0.0,0.0,1.0,0.0,1.0,0.0,0.0,0.0,0.0,0.0,1.0,0.0,0.0,0.0,0.0,0.0,0.0,0.0,1.0,0.020833333333333332,0.0,0.0,0.0,1.0,0.0,0.0,3
0.5625,0.1875,0.1875,0.1875,0.1875,0.3125,0.0,0.0,0.0,1.0,0.0,0.0,0.0,1.0,0.0,0.0,0.0,0.0,0.0,1.0,0.0,1.0,0.0,0.0,0.0,0.0,0.0,1.0,0.0,0.0,0.0,0.0,0.0,0.0,0.0,1.0,0.052083333333333336,0.0,0.0,1.0,0.0,0.0,0.0,2
0.625,0.1875,0.125,0.25,0.0625,0.375,0.0,0.0,0.0,1.0,0.0,0.0,0.0,1.0,0.0,0.0,0.0,0.0,0.0,1.0,0.0,1.0,0.0,0.0,0.0,0.0,0.0,1.0,0.0,0.0,0.0,0.0,0.0,0.0,0.0,1.0,0.03125,0.0,1.0,0.0,0.0,0.0,0.0,1
0.625,0.0625,0.1875,0.3125,0.125,0.4375,0.0,0.0,0.0,1.0,0.0,1.0,0.0,0.0,0.0,0.0,0.0,0.0,0.0,1.0,0.0,1.0,0.0,0.0,0.0,0.0,0.0,1.0,0.0,0.0,0.0,0.0,0.0,0.0,0.0,1.0,0.020833333333333332,1.0,0.0,0.0,0.0,0.0,0.0,0
0.625,0.125,0.1875,0.3125,0.1875,0.4375,0.0,0.0,0.0,1.0,0.0,1.0,0.0,0.0,0.0,0.0,1.0,0.0,0.0,0.0,0.0,1.0,0.0,0.0,0.0,0.0,0.0,1.0,0.0,0.0,0.0,0.0,0.0,0.0,0.0,1.0,0.041666666666666664,1.0,0.0,0.0,0.0,0.0,0.0,0
0.625,0.125,0.1875,0.3125,0.1875,0.4375,0.0,0.0,0.0,1.0,0.0,0.0,0.0,0.0,0.0,1.0,1.0,0.0,0.0,0.0,0.0,1.0,0.0,0.0,0.0,0.0,0.0,1.0,0.0,0.0,0.0,0.0,0.0,0.0,0.0,1.0,0.041666666666666664,1.0,0.0,0.0,0.0,0.0,0.0,0
0.5625,0.1875,0.1875,0.3125,0.1875,0.4375,0.0,0.0,0.0,1.0,0.0,1.0,0.0,0.0,0.0,0.0,1.0,0.0,0.0,0.0,0.0,1.0,0.0,0.0,0.0,0.0,0.0,1.0,0.0,0.0,0.0,0.0,0.0,0.0,0.0,1.0,0.052083333333333336,1.0,0.0,0.0,0.0,0.0,0.0,0
0.5,0.3125,0.25,0.375,0.1875,0.5,0.0,0.0,0.0,1.0,0.0,0.0,0.0,1.0,0.0,0.0,1.0,0.0,0.0,0.0,0.0,1.0,0.0,0.0,0.0,0.0,0.0,1.0,0.0,0.0,0.0,0.0,0.0,0.0,0.0,1.0,0.07291666666666667,0.0,0.0,0.0,1.0,0.0,0.0,3
0.5625,0.375,0.3125,0.375,0.3125,0.5625,0.0,0.0,0.0,1.0,0.0,0.0,0.0,1.0,0.0,0.0,1.0,0.0,0.0,0.0,0.0,0.0,0.0,1.0,0.0,0.0,1.0,0.0,0.0,0.0,0.0,0.0,0.0,0.0,0.0,1.0,0.09375,0.0,0.0,0.0,1.0,0.0,0.0,3
0.5625,0.375,0.3125,0.375,0.3125,0.5625,0.0,0.0,0.0,1.0,0.0,0.0,0.0,1.0,0.0,0.0,1.0,0.0,0.0,0.0,0.0,0.0,0.0,1.0,0.0,0.0,1.0,0.0,0.0,0.0,0.0,0.0,0.0,0.0,0.0,1.0,0.08333333333333333,0.0,0.0,0.0,1.0,0.0,0.0,3
0.625,0.125,0.125,0.25,0.3125,0.625,0.0,0.0,0.0,1.0,0.0,0.0,0.0,1.0,0.0,0.0,0.0,0.0,0.0,0.0,1.0,0.0,0.0,1.0,0.0,0.0,0.0,0.0,0.0,1.0,0.0,0.0,0.0,0.0,0.0,1.0,0.041666666666666664,0.0,1.0,0.0,0.0,0.0,0.0,1
0.5,0.1875,0.125,0.3125,0.375,0.625,0.0,0.0,0.0,1.0,0.0,0.0,0.0,0.0,0.0,1.0,0.0,0.0,1.0,0.0,0.0,0.0,0.0,1.0,0.0,0.0,0.0,0.0,0.0,1.0,0.0,0.0,0.0,0.0,0.0,1.0,0.052083333333333336,1.0,0.0,0.0,0.0,0.0,0.0,0
0.25,0.25,0.25,0.25,0.25,0.25,0.0,0.0,1.0,0.0,0.0,0.0,0.0,0.0,1.0,0.0,1.0,0.0,0.0,0.0,0.0,0.0,0.0,0.0,0.0,1.0,0.0,0.0,0.0,0.0,1.0,1.0,0.0,0.0,0.0,0.0,0.0625,0.0,0.0,0.0,1.0,0.0,0.0,3
0.25,0.25,0.25,0.0625,0.25,0.25,0.0,0.0,1.0,0.0,0.0,0.0,0.0,0.0,1.0,0.0,1.0,0.0,0.0,0.0,0.0,0.0,0.0,1.0,0.0,0.0,0.0,0.0,0.0,0.0,1.0,1.0,0.0,0.0,0.0,0.0,0.052083333333333336,0.0,0.0,0.0,0.0,1.0,0.0,4
0.3125,0.3125,0.3125,0.125,0.3125,0.3125,0.0,0.0,1.0,0.0,0.0,0.0,0.0,0.0,1.0,0.0,1.0,0.0,0.0,0.0,0.0,0.0,0.0,1.0,0.0,0.0,0.0,0.0,0.0,0.0,1.0,1.0,0.0,0.0,0.0,0.0,0.052083333333333336,0.0,0.0,0.0,1.0,0.0,0.0,3
0.3125,0.3125,0.3125,0.0625,0.3125,0.3125,0.0,0.0,1.0,0.0,0.0,0.0,0.0,0.0,1.0,0.0,1.0,0.0,0.0,0.0,0.0,0.0,0.0,1.0,0.0,0.0,0.0,0.0,0.0,0.0,1.0,1.0,0.0,0.0,0.0,0.0,0.052083333333333336,0.0,0.0,1.0,0.0,0.0,0.0,2
0.3125,0.3125,0.3125,0.125,0.3125,0.3125,0.0,0.0,1.0,0.0,0.0,0.0,0.0,0.0,1.0,0.0,1.0,0.0,0.0,0.0,0.0,0.0,0.0,1.0,0.0,0.0,0.0,0.0,0.0,0.0,1.0,1.0,0.0,0.0,0.0,0.0,0.041666666666666664,0.0,0.0,0.0,1.0,0.0,0.0,3
0.3125,0.3125,0.25,0.125,0.3125,0.3125,0.0,0.0,1.0,0.0,0.0,0.0,0.0,0.0,1.0,0.0,1.0,0.0,0.0,0.0,0.0,0.0,0.0,1.0,0.0,0.0,0.0,0.0,0.0,0.0,1.0,1.0,0.0,0.0,0.0,0.0,0.041666666666666664,0.0,0.0,0.0,1.0,0.0,0.0,3
0.375,0.375,0.3125,0.0,0.0625,0.375,0.0,0.0,1.0,0.0,0.0,0.0,0.0,0.0,1.0,0.0,1.0,0.0,0.0,0.0,0.0,0.0,0.0,0.0,0.0,0.0,0.0,0.0,0.0,0.0,1.0,1.0,0.0,0.0,0.0,0.0,0.041666666666666664,0.0,1.0,0.0,0.0,0.0,0.0,1
0.375,0.375,0.3125,0.0,0.0625,0.375,0.0,0.0,1.0,0.0,0.0,0.0,0.0,0.0,1.0,0.0,1.0,0.0,0.0,0.0,0.0,0.0,0.0,0.0,0.0,0.0,0.0,0.0,0.0,0.0,1.0,1.0,0.0,0.0,0.0,0.0,0.041666666666666664,1.0,0.0,0.0,0.0,0.0,0.0,0
0.25,0.4375,0.3125,0.0625,0.125,0.4375,0.0,0.0,1.0,0.0,0.0,0.0,0.0,0.0,1.0,0.0,1.0,0.0,0.0,0.0,0.0,1.0,0.0,0.0,0.0,0.0,0.0,0.0,0.0,0.0,1.0,1.0,0.0,0.0,0.0,0.0,0.052083333333333336,0.0,1.0,0.0,0.0,0.0,0.0,1
0.25,0.375,0.375,0.0625,0.125,0.4375,0.0,0.0,1.0,0.0,0.0,0.0,0.0,0.0,1.0,0.0,0.0,0.0,0.0,0.0,1.0,1.0,0.0,0.0,0.0,0.0,0.0,0.0,0.0,0.0,1.0,1.0,0.0,0.0,0.0,0.0,0.052083333333333336,0.0,1.0,0.0,0.0,0.0,0.0,1
0.3125,0.4375,0.4375,0.125,0.1875,0.5,0.0,0.0,1.0,0.0,0.0,0.0,0.0,0.0,0.0,1.0,0.0,0.0,0.0,1.0,0.0,1.0,0.0,0.0,0.0,0.0,0.0,0.0,0.0,0.0,1.0,1.0,0.0,0.0,0.0,0.0,0.08333333333333333,0.0,0.0,1.0,0.0,0.0,0.0,2
0.3125,0.4375,0.1875,0.1875,0.1875,0.4375,0.0,0.0,1.0,0.0,0.0,0.0,0.0,0.0,0.0,1.0,0.0,0.0,0.0,0.0,1.0,1.0,0.0,0.0,0.0,0.0,0.0,0.0,0.0,0.0,1.0,1.0,0.0,0.0,0.0,0.0,0.07291666666666667,0.0,0.0,0.0,0.0,1.0,0.0,4
0.375,0.5,0.25,0.25,0.3125,0.4375,0.0,0.0,1.0,0.0,0.0,0.0,0.0,0.0,0.0,1.0,0.0,0.0,0.0,0.0,1.0,1.0,0.0,0.0,0.0,0.0,0.0,0.0,0.0,1.0,0.0,1.0,0.0,0.0,0.0,0.0,0.10416666666666667,0.0,0.0,0.0,0.0,1.0,0.0,4
0.375,0.5,0.1875,0.25,0.125,0.4375,0.0,0.0,1.0,0.0,0.0,0.0,0.0,0.0,0.0,1.0,0.0,0.0,0.0,0.0,1.0,1.0,0.0,0.0,0.0,0.0,0.0,1.0,0.0,0.0,0.0,1.0,0.0,0.0,0.0,0.0,0.08333333333333333,0.0,0.0,0.0,0.0,1.0,0.0,4
0.375,0.5,0.1875,0.25,0.375,0.4375,0.0,0.0,1.0,0.0,0.0,0.0,0.0,0.0,0.0,1.0,0.0,0.0,0.0,0.0,1.0,1.0,0.0,0.0,0.0,0.0,1.0,0.0,0.0,0.0,0.0,1.0,0.0,0.0,0.0,0.0,0.07291666666666667,0.0,0.0,0.0,1.0,0.0,0.0,3
0.4375,0.5625,0.125,0.1875,0.125,0.4375,0.0,0.0,1.0,0.0,0.0,0.0,0.0,0.0,0.0,1.0,0.0,0.0,0.0,0.0,1.0,0.0,0.0,0.0,1.0,0.0,0.0,1.0,0.0,0.0,0.0,1.0,0.0,0.0,0.0,0.0,0.0625,0.0,1.0,0.0,0.0,0.0,0.0,1
0.4375,0.5625,0.1875,0.1875,0.0625,0.4375,0.0,0.0,1.0,0.0,0.0,0.0,0.0,0.0,0.0,1.0,0.0,0.0,0.0,1.0,0.0,0.0,0.0,0.0,1.0,0.0,0.0,1.0,0.0,0.0,0.0,1.0,0.0,0.0,0.0,0.0,0.0625,0.0,1.0,0.0,0.0,0.0,0.0,1
0.5,0.5,0.1875,0.1875,0.125,0.5,0.0,0.0,1.0,0.0,0.0,0.0,0.0,0.0,0.0,1.0,0.0,0.0,0.0,0.0,1.0,0.0,0.0,0.0,1.0,0.0,0.0,1.0,0.0,0.0,0.0,1.0,0.0,0.0,0.0,0.0,0.10416666666666667,0.0,1.0,0.0,0.0,0.0,0.0,1
0.5,0.5,0.25,0.1875,0.125,0.5,0.0,0.0,1.0,0.0,0.0,0.0,0.0,0.0,0.0,1.0,0.0,1.0,0.0,0.0,0.0,0.0,0.0,0.0,1.0,0.0,0.0,1.0,0.0,0.0,0.0,1.0,0.0,0.0,0.0,0.0,0.07291666666666667,0.0,1.0,0.0,0.0,0.0,0.0,1
0.5,0.1875,0.25,0.25,0.1875,0.375,0.0,0.0,1.0,0.0,0.0,0.0,0.0,1.0,0.0,0.0,0.0,0.0,0.0,0.0,1.0,0.0,0.0,0.0,1.0,0.0,0.0,1.0,0.0,0.0,0.0,1.0,0.0,0.0,0.0,0.0,0.0625,1.0,0.0,0.0,0.0,0.0,0.0,0
0.3125,0.25,0.25,0.125,0.0625,0.4375,0.0,0.0,1.0,0.0,0.0,0.0,0.0,0.0,0.0,1.0,0.0,0.0,0.0,0.0,1.0,0.0,0.0,0.0,1.0,0.0,0.0,1.0,0.0,0.0,0.0,1.0,0.0,0.0,0.0,0.0,0.052083333333333336,0.0,0.0,0.0,0.0,1.0,0.0,4
0.375,0.3125,0.125,0.0625,0.0625,0.4375,0.0,0.0,1.0,0.0,0.0,0.0,0.0,0.0,0.0,1.0,0.0,0.0,0.0,0.0,1.0,0.0,0.0,1.0,0.0,0.0,0.0,1.0,0.0,0.0,0.0,1.0,0.0,0.0,0.0,0.0,0.052083333333333336,0.0,1.0,0.0,0.0,0.0,0.0,1
0.4375,0.3125,0.25,0.125,0.125,0.5,0.0,0.0,1.0,0.0,0.0,0.0,0.0,0.0,0.0,1.0,0.0,0.0,0.0,0.0,1.0,0.0,0.0,1.0,0.0,0.0,0.0,1.0,0.0,0.0,0.0,1.0,0.0,0.0,0.0,0.0,0.0625,0.0,1.0,0.0,0.0,0.0,0.0,1
0.375,0.25,0.125,0.125,0.125,0.5,0.0,0.0,1.0,0.0,0.0,0.0,0.0,0.0,1.0,0.0,0.0,0.0,1.0,0.0,0.0,0.0,0.0,1.0,0.0,0.0,0.0,1.0,0.0,0.0,0.0,1.0,0.0,0.0,0.0,0.0,0.052083333333333336,1.0,0.0,0.0,0.0,0.0,0.0,0
0.375,0.0625,0.125,0.125,0.125,0.5,0.0,0.0,1.0,0.0,0.0,0.0,0.0,0.0,0.0,1.0,0.0,0.0,1.0,0.0,0.0,0.0,0.0,1.0,0.0,0.0,0.0,1.0,0.0,0.0,0.0,1.0,0.0,0.0,0.0,0.0,0.041666666666666664,1.0,0.0,0.0,0.0,0.0,0.0,0
0.3125,0.1875,0.1875,0.1875,0.1875,0.5625,0.0,0.0,1.0,0.0,0.0,0.0,1.0,0.0,0.0,0.0,0.0,0.0,1.0,0.0,0.0,0.0,0.0,1.0,0.0,0.0,0.0,1.0,0.0,0.0,0.0,1.0,0.0,0.0,0.0,0.0,0.0625,0.0,1.0,0.0,0.0,0.0,0.0,1
0.3125,0.1875,0.1875,0.1875,0.1875,0.5625,0.0,0.0,1.0,0.0,0.0,0.0,0.0,1.0,0.0,0.0,0.0,1.0,0.0,0.0,0.0,0.0,0.0,1.0,0.0,0.0,0.0,1.0,0.0,0.0,0.0,1.0,0.0,0.0,0.0,0.0,0.052083333333333336,0.0,0.0,1.0,0.0,0.0,0.0,2
0.375,0.0625,0.25,0.0625,0.1875,0.625,0.0,0.0,1.0,0.0,0.0,0.0,0.0,1.0,0.0,0.0,0.0,0.0,1.0,0.0,0.0,0.0,1.0,0.0,0.0,0.0,0.0,0.0,0.0,1.0,0.0,1.0,0.0,0.0,0.0,0.0,0.052083333333333336,0.0,0.0,0.0,0.0,1.0,0.0,4
0.375,0.0625,0.25,0.0625,0.25,0.5625,0.0,0.0,1.0,0.0,0.0,0.0,0.0,1.0,0.0,0.0,0.0,0.0,1.0,0.0,0.0,0.0,1.0,0.0,0.0,0.0,0.0,0.0,0.0,1.0,0.0,1.0,0.0,0.0,0.0,0.0,0.0625,0.0,0.0,0.0,1.0,0.0,0.0,3
0.4375,0.0625,0.3125,0.1875,0.25,0.5,0.0,0.0,1.0,0.0,0.0,0.0,0.0,1.0,0.0,0.0,0.0,0.0,1.0,0.0,0.0,0.0,0.0,0.0,1.0,0.0,0.0,0.0,0.0,1.0,0.0,1.0,0.0,0.0,0.0,0.0,0.07291666666666667,0.0,1.0,0.0,0.0,0.0,0.0,1
0.4375,0.125,0.25,0.1875,0.25,0.5,0.0,0.0,1.0,0.0,0.0,0.0,0.0,0.0,1.0,0.0,0.0,0.0,1.0,0.0,0.0,0.0,0.0,0.0,1.0,0.0,0.0,0.0,0.0,1.0,0.0,1.0,0.0,0.0,0.0,0.0,0.09375,1.0,0.0,0.0,0.0,0.0,0.0,0
0.1875,0.1875,0.1875,0.25,0.3125,0.5625,0.0,0.0,0.0,1.0,0.0,0.0,0.0,0.0,1.0,0.0,0.0,0.0,1.0,0.0,0.0,0.0,0.0,0.0,1.0,0.0,0.0,0.0,0.0,1.0,0.0,1.0,0.0,0.0,0.0,0.0,0.08333333333333333,0.0,0.0,1.0,0.0,0.0,0.0,2
0.1875,0.1875,0.1875,0.25,0.3125,0.5625,0.0,0.0,0.0,1.0,0.0,0.0,0.0,0.0,1.0,0.0,0.0,1.0,0.0,0.0,0.0,0.0,0.0,0.0,1.0,0.0,0.0,0.0,0.0,1.0,0.0,1.0,0.0,0.0,0.0,0.0,0.0625,0.0,0.0,0.0,1.0,0.0,0.0,3
0.25,0.25,0.1875,0.1875,0.3125,0.625,0.0,0.0,0.0,1.0,0.0,0.0,0.0,0.0,1.0,0.0,0.0,1.0,0.0,0.0,0.0,0.0,0.0,0.0,1.0,0.0,0.0,0.0,0.0,1.0,0.0,1.0,0.0,0.0,0.0,0.0,0.08333333333333333,0.0,0.0,0.0,0.0,1.0,0.0,4
0.125,0.3125,0.25,0.25,0.4375,0.375,0.0,0.0,0.0,1.0,0.0,0.0,0.0,0.0,1.0,0.0,0.0,1.0,0.0,0.0,0.0,0.0,0.0,0.0,1.0,0.0,0.0,0.0,0.0,0.0,1.0,1.0,0.0,0.0,0.0,0.0,0.052083333333333336,0.0,0.0,0.0,1.0,0.0,0.0,3
0.125,0.375,0.3125,0.375,0.4375,0.4375,0.0,0.0,0.0,1.0,0.0,0.0,0.0,0.0,1.0,0.0,0.0,1.0,0.0,0.0,0.0,0.0,0.0,0.0,1.0,0.0,0.0,0.0,0.0,0.0,1.0,1.0,0.0,0.0,0.0,0.0,0.08333333333333333,0.0,0.0,1.0,0.0,0.0,0.0,2
0.125,0.375,0.375,0.3125,0.4375,0.4375,0.0,0.0,0.0,1.0,0.0,0.0,0.0,0.0,1.0,0.0,0.0,0.0,0.0,1.0,0.0,0.0,0.0,0.0,1.0,0.0,0.0,0.0,0.0,0.0,1.0,1.0,0.0,0.0,0.0,0.0,0.08333333333333333,0.0,0.0,0.0,1.0,0.0,0.0,3
0.1875,0.4375,0.4375,0.4375,0.25,0.5,0.0,0.0,0.0,1.0,0.0,0.0,0.0,0.0,1.0,0.0,0.0,0.0,0.0,1.0,0.0,0.0,0.0,1.0,0.0,0.0,0.0,0.0,1.0,0.0,0.0,1.0,0.0,0.0,0.0,0.0,0.08333333333333333,0.0,0.0,0.0,0.0,1.0,0.0,4
0.375,0.3125,0.1875,0.125,0.3125,0.375,0.0,1.0,0.0,0.0,0.0,1.0,0.0,0.0,0.0,0.0,0.0,0.0,0.0,0.0,1.0,0.0,0.0,0.0,0.0,1.0,0.0,0.0,1.0,0.0,0.0,0.0,0.0,1.0,0.0,0.0,0.052083333333333336,1.0,0.0,0.0,0.0,0.0,0.0,0
0.25,0.375,0.25,0.125,0.375,0.4375,0.0,1.0,0.0,0.0,0.0,1.0,0.0,0.0,0.0,0.0,0.0,0.0,0.0,0.0,1.0,0.0,0.0,0.0,0.0,1.0,0.0,0.0,1.0,0.0,0.0,0.0,0.0,1.0,0.0,0.0,0.07291666666666667,1.0,0.0,0.0,0.0,0.0,0.0,0
0.25,0.375,0.25,0.125,0.375,0.4375,0.0,1.0,0.0,0.0,0.0,1.0,0.0,0.0,0.0,0.0,0.0,0.0,0.0,0.0,1.0,0.0,0.0,0.0,0.0,1.0,0.0,0.0,1.0,0.0,0.0,0.0,0.0,1.0,0.0,0.0,0.07291666666666667,1.0,0.0,0.0,0.0,0.0,0.0,0
0.3125,0.3125,0.25,0.125,0.375,0.4375,0.0,1.0,0.0,0.0,0.0,1.0,0.0,0.0,0.0,0.0,0.0,0.0,0.0,0.0,1.0,0.0,0.0,0.0,0.0,1.0,0.0,0.0,1.0,0.0,0.0,0.0,0.0,1.0,0.0,0.0,0.08333333333333333,1.0,0.0,0.0,0.0,0.0,0.0,0
0.375,0.375,0.3125,0.125,0.4375,0.5,0.0,1.0,0.0,0.0,0.0,1.0,0.0,0.0,0.0,0.0,0.0,0.0,0.0,0.0,1.0,0.0,0.0,0.0,0.0,1.0,0.0,0.0,1.0,0.0,0.0,0.0,0.0,1.0,0.0,0.0,0.08333333333333333,1.0,0.0,0.0,0.0,0.0,0.0,0
0.25,0.4375,0.375,0.1875,0.5,0.5625,0.0,1.0,0.0,0.0,0.0,1.0,0.0,0.0,0.0,0.0,0.0,0.0,0.0,0.0,1.0,0.0,0.0,0.0,0.0,1.0,0.0,0.0,1.0,0.0,0.0,0.0,0.0,1.0,0.0,0.0,0.07291666666666667,0.0,0.0,0.0,1.0,0.0,0.0,3
0.25,0.4375,0.3125,0.1875,0.4375,0.5,0.0,1.0,0.0,0.0,0.0,1.0,0.0,0.0,0.0,0.0,0.0,0.0,0.0,0.0,1.0,0.0,0.0,0.0,0.0,1.0,0.0,0.0,1.0,0.0,0.0,0.0,0.0,1.0,0.0,0.0,0.09375,0.0,0.0,0.0,0.0,1.0,0.0,4
0.3125,0.5,0.375,0.25,0.5,0.5,0.0,1.0,0.0,0.0,0.0,1.0,0.0,0.0,0.0,0.0,0.0,0.0,0.0,0.0,1.0,0.0,0.0,0.0,0.0,1.0,0.0,0.0,1.0,0.0,0.0,0.0,0.0,1.0,0.0,0.0,0.14583333333333334,0.0,0.0,0.0,1.0,0.0,0.0,3
0.3125,0.1875,0.0625,0.125,0.375,0.4375,0.0,1.0,0.0,0.0,0.0,1.0,0.0,0.0,0.0,0.0,0.0,0.0,0.0,0.0,1.0,0.0,0.0,0.0,0.0,1.0,0.0,0.0,1.0,0.0,0.0,0.0,0.0,1.0,0.0,0.0,0.03125,0.0,0.0,0.0,1.0,0.0,0.0,3
0.3125,0.1875,0.0625,0.1875,0.3125,0.4375,0.0,1.0,0.0,0.0,0.0,1.0,0.0,0.0,0.0,0.0,0.0,0.0,0.0,0.0,1.0,0.0,0.0,0.0,0.0,1.0,0.0,0.0,1.0,0.0,0.0,0.0,0.0,1.0,0.0,0.0,0.041666666666666664,0.0,0.0,1.0,0.0,0.0,0.0,2
0.25,0.1875,0.0625,0.0625,0.375,0.5,0.0,1.0,0.0,0.0,0.0,1.0,0.0,0.0,0.0,0.0,1.0,0.0,0.0,0.0,0.0,0.0,0.0,0.0,1.0,0.0,0.0,0.0,1.0,0.0,0.0,0.0,0.0,1.0,0.0,0.0,0.041666666666666664,0.0,0.0,0.0,1.0,0.0,0.0,3
0.375,0.3125,0.1875,0.25,0.4375,0.5625,0.0,1.0,0.0,0.0,0.0,1.0,0.0,0.0,0.0,0.0,1.0,0.0,0.0,0.0,0.0,0.0,0.0,0.0,1.0,0.0,0.0,0.0,1.0,0.0,0.0,0.0,0.0,1.0,0.0,0.0,0.07291666666666667,0.0,0.0,0.0,1.0,0.0,0.0,3
0.4375,0.3125,0.25,0.3125,0.3125,0.625,0.0,1.0,0.0,0.0,0.0,1.0,0.0,0.0,0.0,0.0,1.0,0.0,0.0,0.0,0.0,0.0,1.0,0.0,0.0,0.0,0.0,0.0,1.0,0.0,0.0,0.0,0.0,1.0,0.0,0.0,0.052083333333333336,0.0,0.0,0.0,0.0,1.0,0.0,4
0.375,0.375,0.3125,0.25,0.1875,0.25,1.0,0.0,0.0,0.0,0.0,0.0,0.0,0.0,0.0,1.0,0.0,1.0,0.0,0.0,0.0,1.0,0.0,0.0,0.0,0.0,0.0,0.0,0.0,1.0,0.0,0.0,0.0,0.0,0.0,1.0,0.07291666666666667,0.0,0.0,0.0,0.0,1.0,0.0,4
0.4375,0.4375,0.3125,0.125,0.125,0.25,1.0,0.0,0.0,0.0,0.0,0.0,0.0,0.0,0.0,1.0,0.0,1.0,0.0,0.0,0.0,1.0,0.0,0.0,0.0,0.0,0.0,0.0,0.0,0.0,1.0,1.0,0.0,0.0,0.0,0.0,0.09375,0.0,0.0,1.0,0.0,0.0,0.0,2
0.4375,0.4375,0.25,0.1875,0.125,0.25,1.0,0.0,0.0,0.0,0.0,0.0,0.0,0.0,0.0,1.0,0.0,1.0,0.0,0.0,0.0,0.0,0.0,1.0,0.0,0.0,0.0,0.0,0.0,0.0,1.0,1.0,0.0,0.0,0.0,0.0,0.09375,0.0,0.0,1.0,0.0,0.0,0.0,2
0.5,0.3125,0.25,0.0625,0.1875,0.125,1.0,0.0,0.0,0.0,0.0,0.0,0.0,0.0,0.0,1.0,0.0,1.0,0.0,0.0,0.0,0.0,1.0,0.0,0.0,0.0,0.0,0.0,0.0,0.0,1.0,1.0,0.0,0.0,0.0,0.0,0.041666666666666664,0.0,1.0,0.0,0.0,0.0,0.0,1
0.5625,0.375,0.3125,0.125,0.25,0.1875,1.0,0.0,0.0,0.0,0.0,0.0,0.0,0.0,0.0,1.0,0.0,1.0,0.0,0.0,0.0,0.0,1.0,0.0,0.0,0.0,0.0,0.0,0.0,0.0,1.0,1.0,0.0,0.0,0.0,0.0,0.07291666666666667,0.0,0.0,1.0,0.0,0.0,0.0,2
0.5625,0.3125,0.25,0.1875,0.25,0.1875,1.0,0.0,0.0,0.0,0.0,0.0,0.0,0.0,0.0,1.0,0.0,1.0,0.0,0.0,0.0,1.0,0.0,0.0,0.0,0.0,0.0,0.0,0.0,0.0,1.0,1.0,0.0,0.0,0.0,0.0,0.07291666666666667,0.0,0.0,0.0,1.0,0.0,0.0,3
0.625,0.375,0.3125,0.25,0.3125,0.25,1.0,0.0,0.0,0.0,0.0,0.0,0.0,0.0,0.0,1.0,0.0,1.0,0.0,0.0,0.0,0.0,0.0,0.0,1.0,0.0,0.0,0.0,0.0,0.0,1.0,1.0,0.0,0.0,0.0,0.0,0.125,0.0,0.0,1.0,0.0,0.0,0.0,2
0.625,0.375,0.3125,0.25,0.3125,0.25,1.0,0.0,0.0,0.0,0.0,0.0,0.0,0.0,0.0,1.0,0.0,1.0,0.0,0.0,0.0,0.0,0.0,0.0,1.0,0.0,0.0,0.0,0.0,0.0,1.0,1.0,0.0,0.0,0.0,0.0,0.10416666666666667,0.0,1.0,0.0,0.0,0.0,0.0,1
0.6875,0.375,0.375,0.3125,0.375,0.3125,1.0,0.0,0.0,0.0,0.0,0.0,0.0,0.0,0.0,1.0,0.0,1.0,0.0,0.0,0.0,0.0,0.0,0.0,1.0,0.0,0.0,0.0,0.0,0.0,1.0,1.0,0.0,0.0,0.0,0.0,0.09375,1.0,0.0,0.0,0.0,0.0,0.0,0
0.5625,0.25,0.4375,0.3125,0.4375,0.375,1.0,0.0,0.0,0.0,0.0,0.0,0.0,0.0,0.0,1.0,0.0,1.0,0.0,0.0,0.0,0.0,0.0,0.0,1.0,0.0,0.0,0.0,0.0,0.0,1.0,1.0,0.0,0.0,0.0,0.0,0.09375,0.0,0.0,0.0,1.0,0.0,0.0,3
0.5625,0.25,0.4375,0.25,0.3125,0.3125,1.0,0.0,0.0,0.0,0.0,0.0,0.0,0.0,0.0,1.0,0.0,1.0,0.0,0.0,0.0,0.0,0.0,0.0,1.0,0.0,0.0,0.0,0.0,0.0,1.0,1.0,0.0,0.0,0.0,0.0,0.08333333333333333,0.0,0.0,1.0,0.0,0.0,0.0,2
0.625,0.3125,0.5,0.125,0.375,0.375,1.0,0.0,0.0,0.0,0.0,0.0,0.0,0.0,0.0,1.0,0.0,1.0,0.0,0.0,0.0,0.0,0.0,0.0,0.0,1.0,0.0,0.0,0.0,0.0,1.0,1.0,0.0,0.0,0.0,0.0,0.0625,0.0,1.0,0.0,0.0,0.0,0.0,1
0.625,0.375,0.375,0.125,0.375,0.375,1.0,0.0,0.0,0.0,0.0,0.0,1.0,0.0,0.0,0.0,0.0,1.0,0.0,0.0,0.0,0.0,0.0,0.0,0.0,1.0,0.0,0.0,0.0,0.0,1.0,1.0,0.0,0.0,0.0,0.0,0.09375,0.0,0.0,0.0,1.0,0.0,0.0,3
0.6875,0.375,0.375,0.1875,0.375,0.375,1.0,0.0,0.0,0.0,0.0,0.0,1.0,0.0,0.0,0.0,0.0,1.0,0.0,0.0,0.0,0.0,0.0,0.0,0.0,1.0,1.0,0.0,0.0,0.0,0.0,1.0,0.0,0.0,0.0,0.0,0.13541666666666666,1.0,0.0,0.0,0.0,0.0,0.0,0
0.6875,0.375,0.375,0.1875,0.375,0.375,1.0,0.0,0.0,0.0,0.0,0.0,1.0,0.0,0.0,0.0,0.0,1.0,0.0,0.0,0.0,0.0,0.0,0.0,0.0,1.0,1.0,0.0,0.0,0.0,0.0,1.0,0.0,0.0,0.0,0.0,0.125,0.0,1.0,0.0,0.0,0.0,0.0,1
0.375,0.375,0.375,0.375,0.375,0.375,0.0,1.0,0.0,0.0,0.0,0.0,1.0,0.0,0.0,0.0,0.0,0.0,0.0,0.0,1.0,0.0,0.0,0.0,0.0,1.0,1.0,0.0,0.0,0.0,0.0,0.0,0.0,0.0,1.0,0.0,0.10416666666666667,0.0,0.0,0.0,1.0,0.0,0.0,3
0.5,0.5,0.5625,0.5625,0.5625,0.5,0.0,1.0,0.0,0.0,0.0,0.0,1.0,0.0,0.0,0.0,0.0,0.0,0.0,0.0,1.0,0.0,0.0,0.0,0.0,1.0,1.0,0.0,0.0,0.0,0.0,0.0,0.0,0.0,1.0,0.0,0.10416666666666667,0.0,0.0,0.0,0.0,1.0,0.0,4
0.5,0.25,0.5625,0.5625,0.5625,0.5,0.0,1.0,0.0,0.0,0.0,0.0,1.0,0.0,0.0,0.0,0.0,0.0,0.0,0.0,1.0,0.0,0.0,0.0,0.0,1.0,1.0,0.0,0.0,0.0,0.0,0.0,0.0,0.0,1.0,0.0,0.14583333333333334,0.0,0.0,0.0,1.0,0.0,0.0,3
0.375,0.1875,0.375,0.375,0.5625,0.375,0.0,1.0,0.0,0.0,0.0,0.0,1.0,0.0,0.0,0.0,0.0,0.0,0.0,0.0,1.0,1.0,0.0,0.0,0.0,0.0,1.0,0.0,0.0,0.0,0.0,0.0,0.0,0.0,1.0,0.0,0.11458333333333333,0.0,0.0,0.0,0.0,1.0,0.0,4
0.375,0.1875,0.375,0.375,0.5625,0.375,0.0,1.0,0.0,0.0,0.0,0.0,1.0,0.0,0.0,0.0,0.0,0.0,0.0,0.0,1.0,1.0,0.0,0.0,0.0,0.0,1.0,0.0,0.0,0.0,0.0,0.0,0.0,0.0,1.0,0.0,0.125,0.0,0.0,0.0,1.0,0.0,0.0,3
0.4375,0.25,0.4375,0.25,0.375,0.4375,0.0,1.0,0.0,0.0,0.0,0.0,1.0,0.0,0.0,0.0,0.0,0.0,0.0,0.0,1.0,0.0,0.0,1.0,0.0,0.0,1.0,0.0,0.0,0.0,0.0,0.0,0.0,0.0,1.0,0.0,0.11458333333333333,0.0,0.0,1.0,0.0,0.0,0.0,2
0.4375,0.375,0.375,0.4375,0.375,0.25,0.0,0.0,0.0,0.0,1.0,0.0,1.0,0.0,0.0,0.0,0.0,0.0,1.0,0.0,0.0,0.0,0.0,0.0,1.0,0.0,0.0,1.0,0.0,0.0,0.0,0.0,0.0,0.0,1.0,0.0,0.07291666666666667,0.0,0.0,0.0,1.0,0.0,0.0,3
0.4375,0.375,0.375,0.4375,0.375,0.25,0.0,0.0,0.0,0.0,1.0,0.0,1.0,0.0,0.0,0.0,0.0,0.0,1.0,0.0,0.0,0.0,0.0,0.0,1.0,0.0,0.0,1.0,0.0,0.0,0.0,0.0,0.0,0.0,1.0,0.0,0.09375,0.0,0.0,1.0,0.0,0.0,0.0,2
0.5625,0.4375,0.1875,0.5,0.5,0.625,0.0,1.0,0.0,0.0,0.0,0.0,0.0,0.0,0.0,1.0,0.0,0.0,0.0,1.0,0.0,0.0,1.0,0.0,0.0,0.0,1.0,0.0,0.0,0.0,0.0,0.0,0.0,0.0,1.0,0.0,0.08333333333333333,0.0,0.0,0.0,1.0,0.0,0.0,3
0.625,0.4375,0.1875,0.0625,0.5625,0.625,0.0,1.0,0.0,0.0,0.0,0.0,0.0,0.0,0.0,1.0,0.0,0.0,0.0,1.0,0.0,0.0,0.0,0.0,0.0,1.0,1.0,0.0,0.0,0.0,0.0,0.0,0.0,0.0,1.0,0.0,0.08333333333333333,0.0,1.0,0.0,0.0,0.0,0.0,1
0.625,0.375,0.25,0.0625,0.5625,0.5625,0.0,1.0,0.0,0.0,0.0,1.0,0.0,0.0,0.0,0.0,0.0,0.0,0.0,0.0,1.0,0.0,0.0,0.0,0.0,1.0,1.0,0.0,0.0,0.0,0.0,0.0,0.0,0.0,1.0,0.0,0.08333333333333333,0.0,1.0,0.0,0.0,0.0,0.0,1
0.625,0.3125,0.3125,0.125,0.625,0.625,0.0,1.0,0.0,0.0,0.0,0.0,0.0,0.0,1.0,0.0,1.0,0.0,0.0,0.0,0.0,0.0,0.0,0.0,0.0,1.0,1.0,0.0,0.0,0.0,0.0,0.0,0.0,0.0,1.0,0.0,0.07291666666666667,1.0,0.0,0.0,0.0,0.0,0.0,0
0.4375,0.4375,0.1875,0.125,0.6875,0.6875,0.0,1.0,0.0,0.0,0.0,0.0,0.0,0.0,0.0,1.0,1.0,0.0,0.0,0.0,0.0,0.0,0.0,0.0,0.0,1.0,1.0,0.0,0.0,0.0,0.0,0.0,0.0,0.0,1.0,0.0,0.0625,0.0,0.0,0.0,0.0,1.0,0.0,4
0.4375,0.3125,0.125,0.125,0.5,0.6875,0.0,1.0,0.0,0.0,0.0,0.0,0.0,0.0,0.0,1.0,1.0,0.0,0.0,0.0,0.0,0.0,0.0,0.0,0.0,1.0,0.0,0.0,0.0,0.0,1.0,1.0,0.0,0.0,0.0,0.0,0.07291666666666667,0.0,0.0,0.0,0.0,1.0,0.0,4
0.4375,0.375,0.125,0.125,0.625,0.6875,0.0,1.0,0.0,0.0,0.0,0.0,0.0,0.0,0.0,1.0,1.0,0.0,0.0,0.0,0.0,0.0,0.0,0.0,0.0,1.0,0.0,0.0,0.0,0.0,1.0,1.0,0.0,0.0,0.0,0.0,0.08333333333333333,0.0,0.0,0.0,1.0,0.0,0.0,3
0.4375,0.375,0.125,0.3125,0.5625,0.6875,0.0,1.0,0.0,0.0,0.0,0.0,0.0,0.0,0.0,1.0,1.0,0.0,0.0,0.0,0.0,0.0,0.0,0.0,0.0,1.0,0.0,0.0,0.0,0.0,1.0,1.0,0.0,0.0,0.0,0.0,0.07291666666666667,0.0,0.0,0.0,1.0,0.0,0.0,3
0.375,0.375,0.125,0.25,0.5,0.6875,0.0,1.0,0.0,0.0,0.0,0.0,0.0,0.0,0.0,1.0,1.0,0.0,0.0,0.0,0.0,0.0,0.0,0.0,0.0,1.0,1.0,0.0,0.0,0.0,0.0,1.0,0.0,0.0,0.0,0.0,0.08333333333333333,0.0,0.0,0.0,0.0,1.0,0.0,4
0.4375,0.4375,0.1875,0.0625,0.5625,0.5,0.0,1.0,0.0,0.0,0.0,0.0,0.0,0.0,0.0,1.0,1.0,0.0,0.0,0.0,0.0,0.0,1.0,0.0,0.0,0.0,0.0,1.0,0.0,0.0,0.0,0.0,0.0,0.0,0.0,1.0,0.052083333333333336,0.0,0.0,0.0,0.0,1.0,0.0,4
0.4375,0.4375,0.1875,0.0625,0.5,0.5,0.0,1.0,0.0,0.0,0.0,0.0,0.0,0.0,0.0,1.0,1.0,0.0,0.0,0.0,0.0,0.0,1.0,0.0,0.0,0.0,0.0,1.0,0.0,0.0,0.0,0.0,0.0,0.0,0.0,1.0,0.041666666666666664,0.0,0.0,0.0,0.0,1.0,0.0,4
0.5,0.5,0.25,0.125,0.1875,0.5625,0.0,1.0,0.0,0.0,0.0,0.0,0.0,0.0,0.0,1.0,1.0,0.0,0.0,0.0,0.0,0.0,1.0,0.0,0.0,0.0,0.0,1.0,0.0,0.0,0.0,0.0,0.0,0.0,0.0,1.0,0.03125,0.0,1.0,0.0,0.0,0.0,0.0,1
0.5625,0.5,0.375,0.1875,0.25,0.625,0.0,1.0,0.0,0.0,0.0,0.0,0.0,0.0,0.0,1.0,0.0,0.0,0.0,0.0,1.0,0.0,1.0,0.0,0.0,0.0,0.0,1.0,0.0,0.0,0.0,0.0,0.0,0.0,0.0,1.0,0.041666666666666664,0.0,1.0,0.0,0.0,0.0,0.0,1
0.5625,0.4375,0.4375,0.1875,0.25,0.625,0.0,1.0,0.0,0.0,0.0,0.0,0.0,0.0,1.0,0.0,0.0,0.0,0.0,0.0,1.0,0.0,1.0,0.0,0.0,0.0,0.0,1.0,0.0,0.0,0.0,0.0,0.0,0.0,0.0,1.0,0.052083333333333336,1.0,0.0,0.0,0.0,0.0,0.0,0
0.4375,0.5,0.4375,0.1875,0.25,0.625,0.0,1.0,0.0,0.0,0.0,0.0,0.0,1.0,0.0,0.0,0.0,0.0,0.0,0.0,1.0,0.0,1.0,0.0,0.0,0.0,0.0,1.0,0.0,0.0,0.0,0.0,0.0,0.0,0.0,1.0,0.0625,0.0,0.0,1.0,0.0,0.0,0.0,2
0.5,0.5625,0.4375,0.3125,0.3125,0.6875,0.0,1.0,0.0,0.0,0.0,0.0,0.0,1.0,0.0,0.0,0.0,0.0,0.0,0.0,1.0,1.0,0.0,0.0,0.0,0.0,0.0,1.0,0.0,0.0,0.0,0.0,0.0,0.0,0.0,1.0,0.08333333333333333,0.0,0.0,1.0,0.0,0.0,0.0,2
0.5,0.5,0.3125,0.3125,0.25,0.6875,0.0,1.0,0.0,0.0,0.0,0.0,0.0,1.0,0.0,0.0,0.0,0.0,0.0,1.0,0.0,1.0,0.0,0.0,0.0,0.0,0.0,1.0,0.0,0.0,0.0,0.0,0.0,0.0,0.0,1.0,0.09375,0.0,1.0,0.0,0.0,0.0,0.0,1
